Dataset,Experiment,multi_model,datawig_imputed_model,dynamic_imputed_model,knn_imputed_model,zero_imputed_model
13_image,1,"[9.8111904e-01 2.6118435e-04 3.7034710e-08 9.9992967e-01 2.3036239e-06
 9.9995708e-01 2.4707476e-04 2.1205250e-02 5.6489813e-04 6.2973640e-04
 1.0011490e-07 2.4149478e-05 5.8503534e-08 4.7871117e-06 6.5448307e-03
 3.3741137e-01 1.1054642e-05 2.6208309e-06 9.9992323e-01 9.9772400e-01
 3.0262566e-07 9.9897814e-01 9.9999726e-01 2.9399756e-08 2.0757139e-02
 4.9551772e-03 9.6051663e-06 1.0991310e-03 1.4980522e-03 1.5655430e-06
 1.3705772e-01 3.4398315e-03 3.6050747e-05 3.0432835e-02 3.6396969e-08
 8.2507628e-05 1.4482303e-05 3.9192602e-02 9.9955028e-01 1.7196119e-03
 8.1737326e-06 1.2075163e-01]","[7.2121835e-01 1.0831985e-02 1.8487779e-04 7.2100294e-01 6.0918910e-04
 9.2602319e-01 1.3641681e-04 8.1399691e-01 1.4964874e-02 2.6761391e-04
 1.5871353e-04 4.8857753e-04 1.5783850e-04 9.7034173e-03 8.4773190e-03
 1.1266037e-02 2.6289406e-03 6.1886996e-04 1.6333805e-02 7.5374389e-01
 9.3434846e-06 9.1287708e-01 9.8400968e-01 5.4753713e-05 6.9366634e-02
 7.9391778e-02 7.7371024e-02 1.3921289e-02 1.5773246e-02 4.0770187e-03
 1.2145916e-02 1.5372096e-02 1.5785256e-02 1.2209857e-02 5.3791688e-03
 5.2254032e-02 6.5549408e-05 8.1305513e-03 9.5971918e-01 7.4753362e-01
 1.3250931e-03 2.6662138e-01]","[0.66444176 0.15189233 0.0086011  0.6644052  0.02558696 0.2475665
 0.49475694 0.3078245  0.22153951 0.03176511 0.0151106  0.07557699
 0.00980131 0.09565671 0.38073447 0.02137235 0.09106937 0.04427392
 0.9977197  0.012842   0.16688067 0.594189   0.45457438 0.00548271
 0.19386415 0.26806587 0.12213042 0.23983277 0.05777662 0.07999754
 0.35424384 0.23646422 0.24480912 0.22464623 0.01884912 0.2741563
 0.03133356 0.16027185 0.63609123 0.41640827 0.01918106 0.13755238]","[9.6912104e-01 4.7648861e-04 3.0210826e-06 9.9752897e-01 3.6385965e-02
 8.5215068e-01 3.2942671e-02 2.9821722e-02 1.2642810e-03 6.3957530e-03
 1.2246130e-05 1.9085121e-04 3.2927189e-06 6.5914907e-02 1.1734232e-04
 1.1198446e-02 8.1320666e-03 4.4465763e-03 8.3007652e-01 9.8043478e-01
 4.0012510e-03 9.8905247e-01 9.9809891e-01 1.8008524e-05 5.6861993e-02
 1.4451244e-03 6.2654603e-05 2.0843981e-04 2.4523525e-03 5.7570927e-02
 7.1345139e-01 6.3128839e-03 4.3117383e-04 3.4057880e-03 2.4431190e-06
 1.8576857e-04 2.2195305e-05 7.1114590e-03 9.8798519e-01 2.9863995e-02
 2.0093376e-02 4.8760262e-01]","[1.7868644e-01 2.0516045e-02 8.7102308e-05 9.0915859e-01 2.9423952e-02
 4.3448555e-01 4.5913132e-03 9.0705031e-01 5.0324539e-04 1.1505949e-05
 4.1977102e-05 5.7625763e-05 6.5106724e-05 1.2495017e-03 5.4864812e-04
 9.6504856e-03 1.1031514e-02 2.3857347e-05 5.2872542e-03 2.3886527e-01
 5.1338466e-05 9.7542042e-01 9.9632519e-01 1.6585745e-04 5.8076882e-01
 1.3987975e-01 3.0671632e-02 1.8793996e-02 4.6887468e-03 8.7029149e-04
 1.6108695e-01 9.8235551e-03 1.0272809e-02 8.7587103e-02 1.2191277e-03
 5.1917732e-02 1.2140985e-06 2.4058236e-02 9.9792188e-01 7.9050434e-01
 4.1669324e-01 2.6729068e-02]"
13_image,2,"[2.29807429e-05 2.42879614e-05 1.58011517e-06 1.32969244e-05
 1.99179271e-06 3.78145301e-03 8.62244747e-08 2.28693693e-07
 8.30815952e-06 9.97990865e-05 7.34005356e-03 9.99457181e-01
 2.94200134e-07 9.98493671e-01 1.77548870e-07 2.69592216e-04
 2.33503106e-05 1.31655252e-04 1.12237819e-02 2.26459122e-07
 7.32931369e-07 1.04079795e-07 2.05641612e-02 3.22381093e-05
 9.55197450e-08 8.27516615e-03 9.98780906e-01 2.55443680e-04
 9.99976158e-01 1.00034382e-03 5.49895883e-01 6.24206962e-07
 1.73413787e-06 9.79334354e-01 4.62528944e-01 2.11810213e-04
 1.89571269e-03 3.15865204e-02 9.99785364e-01 8.73847603e-05
 6.95576705e-03 1.26225071e-03]","[6.11644145e-03 2.10757274e-03 4.67194710e-03 1.10137891e-02
 2.31538410e-03 2.20636651e-02 1.29453815e-03 2.98416198e-05
 4.52942681e-03 3.87619104e-04 4.66670282e-02 6.66679382e-01
 1.48884102e-03 5.87250650e-01 7.83780881e-04 1.15311826e-02
 2.83548911e-03 2.80664628e-03 1.83829486e-01 1.77645741e-03
 2.12275796e-03 8.65084527e-04 4.23372909e-02 2.60308007e-04
 1.58233452e-03 3.63199972e-02 6.85901284e-01 3.29687893e-02
 7.11230516e-01 8.88934638e-03 9.74265575e-01 1.28554255e-02
 2.10348424e-02 5.31368613e-01 8.05238068e-01 1.68757550e-02
 6.43197417e-01 8.31163116e-03 8.11965048e-01 8.16616695e-04
 9.92556009e-03 1.60637423e-02]","[0.04150798 0.03500844 0.03454686 0.19341736 0.03832317 0.382313
 0.0260475  0.13543905 0.24219853 0.05487203 0.22675008 0.38877863
 0.0282937  0.33466476 0.01762831 0.30059418 0.08639471 0.14545348
 0.19144759 0.02398529 0.02129874 0.01083283 0.29630977 0.03707486
 0.01855325 0.43352517 0.57988816 0.20299701 0.5146831  0.23098329
 0.66483533 0.14452563 0.17374061 0.19911243 0.48048022 0.17106794
 0.13439637 0.0893553  0.68881416 0.05095801 0.2928702  0.13862017]","[7.88364389e-07 4.45576006e-07 3.51787253e-06 1.90795527e-06
 1.09547636e-05 1.05299845e-01 4.82848641e-08 2.85443491e-07
 6.33880745e-07 3.20781851e-07 1.64956553e-04 9.71866488e-01
 1.51321024e-06 9.84241188e-01 5.68238505e-08 3.22866572e-06
 1.67308008e-05 4.55626578e-04 4.05057333e-03 1.33559581e-06
 1.99047872e-06 1.85069908e-07 1.94094405e-01 7.96495369e-05
 3.90026599e-07 4.08623855e-08 9.67005014e-01 7.41034281e-04
 9.90712106e-01 9.89349000e-03 1.64808313e-04 3.41911505e-06
 1.89513656e-07 5.95874674e-08 9.98453021e-01 8.98541566e-06
 1.30241541e-02 9.63487506e-01 9.96298969e-01 3.34920394e-08
 9.51025076e-03 7.62165973e-06]","[7.67082616e-04 6.00563304e-04 4.95224784e-04 1.54765155e-02
 2.15748340e-04 6.05872348e-02 1.32519216e-03 2.26567900e-05
 2.31103535e-04 3.16205387e-06 6.27849340e-01 8.31614435e-01
 2.57747062e-03 1.16235847e-02 3.60230638e-06 1.50507279e-02
 1.83786987e-03 2.55239080e-03 7.28631914e-01 9.65180334e-06
 3.06939171e-03 1.40398828e-04 8.80315959e-01 1.98416751e-06
 8.80021071e-06 8.84234846e-01 9.94082391e-01 3.23942423e-01
 7.54164636e-01 4.50748771e-01 9.69111860e-01 2.24520862e-02
 2.61638537e-02 1.47024795e-01 9.99349773e-01 9.70735401e-03
 8.17146376e-02 4.39033099e-03 9.19750333e-01 4.36476876e-06
 9.69486296e-01 9.98217962e-04]"
13_image,3,"[2.81714642e-06 8.39629763e-07 2.90817809e-07 1.02601061e-05
 5.81160903e-01 1.66511759e-02 1.64191559e-04 8.83646190e-01
 9.99953151e-01 1.09120856e-05 3.13277319e-02 3.38698295e-03
 6.44754246e-02 8.84723340e-05 1.05035004e-04 9.18469392e-03
 1.01447824e-06 1.88926450e-07 8.68261679e-07 4.56367570e-06
 1.02445733e-06 1.44636268e-02 9.97430384e-01 2.21086134e-06
 2.28863731e-01 4.90073115e-03 5.65887545e-04 9.99995351e-01
 1.45699635e-01 4.17095833e-02 9.85943675e-01 7.60823923e-06
 9.99938369e-01 1.70836574e-03 9.99994636e-01 8.23901792e-06
 9.99998808e-01 1.31974390e-04 3.88564845e-03 1.86207316e-08
 1.63756049e-08 4.56911835e-07]","[4.96983739e-05 5.63624308e-05 2.21950722e-05 4.15142719e-03
 4.01384226e-04 1.11366087e-03 2.86248932e-03 8.50638568e-01
 8.56631875e-01 4.40941975e-02 7.28253841e-01 1.93382874e-01
 1.61006395e-02 2.91050537e-06 2.74957150e-01 2.12475797e-03
 4.27252562e-05 1.72349573e-05 3.49219299e-05 8.11650418e-03
 1.77566253e-05 5.99471033e-02 6.34386420e-01 1.14686605e-04
 7.00420002e-03 1.38156000e-03 3.26099657e-02 2.53477633e-01
 6.79575324e-01 8.30149651e-01 8.93381536e-01 1.37813613e-01
 9.66596425e-01 6.56972080e-03 9.52477038e-01 2.78889434e-03
 9.87752676e-01 5.89372171e-03 4.15154435e-02 2.35776079e-05
 2.12527957e-05 2.78846928e-05]","[0.02991292 0.08539302 0.04318505 0.17315778 0.15354265 0.120913
 0.33316508 0.62757057 0.52483106 0.33158815 0.27699316 0.59687066
 0.0728246  0.07213245 0.16488747 0.15642563 0.03726125 0.04849025
 0.1786777  0.25819847 0.09688626 0.450398   0.43488455 0.08843234
 0.39711815 0.32714635 0.13808943 0.2816465  0.39862785 0.39008442
 0.37529966 0.16868627 0.6649404  0.5219749  0.48787406 0.22994941
 0.41989863 0.11957228 0.52377474 0.01424163 0.01428951 0.06453878]","[7.6764854e-07 1.4210889e-07 3.9413291e-07 9.8926651e-01 9.8385066e-01
 5.1616179e-04 9.4917649e-01 2.1425080e-01 9.9782240e-01 1.5891783e-02
 6.2010455e-04 9.9943906e-01 6.1453607e-02 2.1844008e-07 2.1350333e-03
 1.2945678e-07 7.6026089e-07 2.4983567e-07 4.8694073e-07 1.2811544e-02
 3.0418985e-08 1.7187954e-04 9.9986756e-01 2.0999150e-05 9.8407006e-01
 5.8743294e-04 9.0795688e-02 9.9875474e-01 3.9435782e-02 5.6946855e-02
 9.7403711e-01 1.9916631e-03 7.8782356e-01 7.5257110e-04 9.8165119e-01
 1.9837717e-05 9.9999952e-01 5.6005763e-07 6.7309095e-03 7.0417741e-08
 2.4330947e-07 1.7669518e-07]","[9.0921698e-05 6.0536169e-02 1.5257754e-06 1.1158672e-02 1.0231089e-02
 1.7941197e-02 3.9965894e-06 1.5032001e-02 9.0380329e-01 3.0307325e-03
 2.9791147e-02 1.7809452e-02 1.1256241e-03 2.3280314e-05 2.7873518e-02
 3.3746790e-02 6.0542014e-05 3.7885353e-02 2.4935298e-05 7.0436666e-04
 7.9792379e-05 3.9078355e-01 7.8579849e-01 1.0433623e-04 7.2489632e-03
 2.5169164e-04 5.8808011e-05 9.9418902e-01 6.7324733e-04 5.7710525e-02
 8.9252824e-03 2.8660700e-02 9.9931359e-01 7.6722354e-05 1.4588540e-02
 2.5680285e-05 9.8286706e-01 2.2770590e-04 6.4863205e-01 6.4757219e-06
 1.7224540e-05 4.9846934e-05]"
13_image,4,"[2.1280312e-04 1.8858558e-02 2.3385648e-01 5.5443124e-05 1.8804534e-03
 1.5105403e-04 1.5387235e-05 3.9358073e-07 9.5333219e-01 1.2284738e-07
 6.4048669e-07 1.6112094e-07 3.6312568e-03 4.4428635e-02 1.4427026e-07
 2.1430353e-05 4.7070007e-03 3.4430269e-03 1.0916496e-03 1.5273746e-04
 3.3230353e-05 1.6389876e-06 8.8389015e-08 9.9974996e-01 4.7653610e-01
 4.4708389e-01 8.8801903e-01 3.3914300e-06 4.8278502e-01 1.6085105e-04
 9.4906790e-07 9.9999583e-01 5.4752885e-04 1.7268050e-03 3.0815329e-07
 2.3362451e-05 5.5166620e-08 4.1674160e-05 7.5527060e-01 1.9540526e-05
 4.5419015e-06 8.8598383e-05]","[1.1356723e-03 1.8250039e-03 6.3755083e-01 1.9429928e-04 9.9402450e-02
 5.6211449e-02 2.8135057e-04 2.1305040e-04 7.3247528e-01 1.4005880e-07
 1.6329732e-06 9.9276303e-06 3.9681286e-01 2.0150134e-02 3.2937180e-04
 1.3225663e-03 4.7776569e-04 2.9310447e-03 8.8996618e-05 1.0559005e-03
 9.5880328e-04 1.7392981e-03 3.9064913e-04 9.8082846e-01 2.1099854e-01
 2.7126411e-05 1.5452082e-01 1.5824588e-03 8.8897771e-01 2.3837831e-02
 6.9561816e-04 6.9381940e-01 2.4547899e-02 1.2050603e-01 3.6334925e-04
 8.7030912e-03 2.7454601e-04 6.9770701e-02 7.9134214e-01 9.8214170e-04
 5.2414899e-04 7.4512567e-03]","[0.12740284 0.03452    0.48964757 0.05612958 0.41901273 0.30250916
 0.12250103 0.06915425 0.45636424 0.05628221 0.13645999 0.14336486
 0.49396625 0.11910838 0.01053996 0.17111248 0.05198272 0.04958231
 0.03392577 0.11715203 0.07489734 0.0406094  0.00749334 0.7606176
 0.5648939  0.06028353 0.65009    0.04113029 0.5917961  0.13284642
 0.02163955 0.41899633 0.57199085 0.20128925 0.01719785 0.15074998
 0.00561265 0.3453681  0.55846053 0.09680349 0.08807611 0.10055885]","[2.30390033e-05 3.55979919e-01 6.69055292e-03 9.18661772e-06
 4.87172306e-02 4.41978406e-03 1.46693119e-03 1.86182115e-05
 5.07177651e-01 6.88956288e-06 1.39117947e-06 1.01622509e-05
 5.14369488e-01 2.19530270e-01 3.64187785e-04 2.39222095e-06
 8.25248644e-05 1.75399762e-02 4.93741245e-05 6.41860970e-06
 2.17181519e-02 1.41027112e-05 1.84832839e-04 9.86105144e-01
 3.95440031e-03 2.65778417e-05 5.70240627e-05 8.69685113e-01
 4.28818166e-03 4.37616109e-04 9.45258245e-04 3.18027169e-01
 8.21749680e-03 4.73503247e-02 8.27382202e-04 1.90996863e-02
 7.43131895e-05 1.15345836e-01 9.87939835e-01 2.00467490e-04
 1.55244982e-02 3.15785548e-03]","[4.7519691e-03 6.3360026e-03 7.0965338e-01 4.5483543e-05 8.4704459e-01
 2.3845808e-01 4.3378401e-05 1.6132210e-05 2.8144189e-03 1.7002724e-06
 2.9338139e-06 9.2995586e-05 1.1247854e-01 4.3996459e-01 1.0607232e-03
 5.0930366e-02 4.4840301e-04 7.3069297e-02 5.9719910e-05 4.6257253e-05
 6.1655231e-03 1.5282662e-03 1.5604062e-03 9.8138005e-01 9.1503546e-02
 1.0373923e-05 7.9001713e-01 1.4006148e-02 1.4906652e-01 1.3279344e-03
 8.3828327e-04 9.5928961e-01 6.2463529e-02 2.5956152e-02 1.4831364e-02
 1.8794158e-02 1.7111799e-04 3.9642271e-01 8.8373649e-01 1.8704293e-04
 2.3412029e-05 4.5727182e-02]"
13_image,5,"[2.58376190e-07 5.51490666e-06 2.56663351e-03 9.99508262e-01
 1.70323800e-03 9.99746025e-01 8.03889215e-01 3.41587322e-04
 1.22599537e-03 2.65289673e-05 7.15183385e-04 9.99261677e-01
 1.53572419e-05 2.79119551e-01 2.40162890e-02 3.17022314e-05
 1.02970625e-05 5.13654202e-03 5.62160159e-04 4.50878259e-04
 9.97396000e-03 1.12497037e-04 4.38027404e-04 2.36815598e-04
 9.57288023e-04 1.80576419e-04 4.79188941e-07 1.04758061e-01
 7.73068166e-07 7.31886539e-04 3.50791903e-04 1.42886374e-05
 4.14088568e-08 1.25280541e-08 8.10187521e-06 1.75427122e-05
 9.97625411e-01 5.96439236e-07 3.49886082e-02 2.48133987e-02
 7.60728726e-05 1.03066714e-05]","[2.5892828e-04 3.4467720e-03 1.2315034e-02 8.8090390e-01 2.5934774e-02
 6.7070305e-01 4.9896523e-02 1.3375200e-02 2.8798175e-01 2.8590558e-02
 4.4523319e-03 9.2039055e-01 3.3439144e-03 2.3488389e-02 3.3505742e-02
 1.1684146e-02 2.0730637e-03 8.8039525e-03 2.3863090e-03 4.0972200e-03
 8.1125967e-02 1.3701858e-01 2.0176817e-03 4.2618960e-02 2.2931278e-02
 2.0684209e-03 2.3483559e-04 2.8473875e-01 4.7828103e-03 7.5790919e-02
 3.2792201e-03 7.9781940e-04 3.9893293e-04 2.3546135e-04 2.9495570e-03
 6.9597952e-02 7.6669437e-01 2.8848264e-04 6.7315064e-03 1.6828335e-03
 9.5983315e-03 2.7114719e-03]","[0.01564996 0.02220761 0.1635698  0.02676805 0.23519026 0.6831785
 0.17458713 0.04336239 0.42739168 0.27503255 0.14482169 0.42033908
 0.07129663 0.48787248 0.25984964 0.15149051 0.09280571 0.09040952
 0.03537892 0.11155802 0.65494287 0.32828948 0.07156379 0.22649401
 0.07018513 0.01822168 0.01665089 0.369052   0.15337618 0.49538618
 0.10017595 0.0947037  0.00833875 0.00946759 0.23500408 0.17840128
 0.5977674  0.01845613 0.09822338 0.04079187 0.09508979 0.11029322]","[2.4540680e-07 1.2989507e-07 1.2536427e-05 9.9588388e-01 9.4036490e-04
 8.9654112e-01 4.5891739e-02 4.3282453e-05 4.9363751e-02 4.6388265e-03
 4.2561581e-07 9.7828478e-01 1.5949674e-02 9.8671271e-06 9.3816096e-05
 9.6639621e-01 5.2040259e-06 5.1946245e-06 8.7226698e-07 2.7645610e-06
 1.2108785e-02 9.1723131e-04 2.7541455e-07 1.1552571e-02 1.9049559e-04
 1.8490601e-07 2.5468503e-07 1.4747660e-04 1.0461669e-03 2.3488378e-02
 2.1522267e-06 1.9632169e-07 4.1811305e-08 1.2644485e-08 8.3969462e-07
 3.2642877e-03 4.3302721e-01 2.6261978e-07 1.1689942e-06 6.5030058e-08
 4.7673575e-06 3.7984131e-04]","[3.3062615e-04 6.0942024e-03 2.2125227e-02 8.2623549e-02 2.0367317e-01
 2.4708958e-01 3.9798981e-01 1.3305245e-02 9.7245389e-01 1.7902190e-02
 7.4733761e-03 9.6900213e-01 2.7998051e-04 1.6729392e-01 1.4978729e-01
 5.2419882e-03 1.3604900e-02 4.8693720e-02 5.6127369e-02 3.9576259e-02
 7.7202439e-01 3.1257921e-01 8.6753340e-03 7.0629725e-03 2.1944435e-03
 1.3431450e-03 2.0633337e-05 1.6618933e-01 2.4939954e-02 9.4229037e-01
 1.1280361e-03 6.6261942e-04 4.4722206e-04 1.8706647e-05 4.8351893e-04
 1.1655494e-03 8.4679741e-01 4.1509103e-03 1.9181335e-03 2.5293243e-03
 2.5444659e-03 3.4785811e-02]"
13_image,6,"[9.9904877e-01 5.5088698e-08 5.1686699e-03 8.4168796e-08 9.9996710e-01
 8.0583395e-06 2.3191687e-01 9.8532331e-01 9.9997485e-01 8.7401418e-08
 1.4233799e-06 2.3252407e-02 1.4473489e-08 8.6466881e-04 5.6286184e-03
 2.3160524e-06 2.4239572e-04 4.2901353e-05 1.2522534e-04 1.1946388e-02
 2.4493365e-03 6.2674544e-06 3.8298322e-06 2.9317275e-06 2.9212893e-05
 3.2818298e-07 3.7618938e-06 1.2489698e-03 6.0891957e-06 9.9991536e-01
 2.8858127e-08 4.0487750e-04 2.8349802e-01 3.7682560e-06 7.5941961e-07
 3.6823519e-06 1.9785308e-05 1.9998892e-01 3.1967785e-03 1.8263167e-02
 9.9998629e-01 1.0500537e-04]","[1.84412107e-01 1.76675403e-05 2.81602121e-03 5.70260163e-05
 9.42509294e-01 2.93529214e-04 1.79677662e-02 1.19702794e-01
 8.43834877e-01 4.70928683e-07 1.42577250e-04 1.44384548e-01
 9.27141900e-06 4.69177303e-06 1.20324651e-02 1.75651439e-04
 1.24019834e-05 2.60931902e-05 1.03766867e-03 5.15301106e-03
 2.23231921e-03 4.39335650e-04 2.13289430e-04 1.54866109e-04
 9.31051618e-04 1.58792231e-04 4.82245572e-02 7.27951825e-01
 4.29963984e-04 9.88186240e-01 4.37636591e-05 2.28291517e-03
 1.96955223e-02 1.25338105e-04 8.38733930e-03 1.00625686e-04
 3.04346497e-04 2.45798903e-04 2.81207380e-03 1.46874145e-03
 9.35283244e-01 3.83820543e-06]","[0.5332482  0.01303695 0.7212645  0.02645138 0.6309701  0.23761511
 0.17296784 0.41911295 0.46390292 0.09887296 0.06672182 0.5775888
 0.00722231 0.03662172 0.14892171 0.06460654 0.05009416 0.10693622
 0.1105291  0.10069347 0.0756679  0.14791134 0.13856953 0.04664765
 0.32665277 0.04316017 0.09607714 0.4312127  0.05186336 0.7252748
 0.01663878 0.24186216 0.5765104  0.10414384 0.1325603  0.13917904
 0.15242793 0.31557485 0.13506806 0.21185875 0.88465655 0.12580663]","[8.06649566e-01 1.37298613e-07 9.24581473e-05 3.07837837e-07
 9.95834351e-01 2.50184530e-06 1.13497481e-01 2.47123171e-06
 9.99996066e-01 3.56960506e-08 3.10640672e-07 9.99870300e-01
 8.98175490e-09 1.29778638e-01 7.29967578e-05 9.77812533e-07
 8.26147334e-06 1.15669545e-05 1.12353497e-04 1.73671648e-01
 4.16290059e-05 8.77411253e-07 1.78216385e-06 1.13801275e-06
 1.74677254e-07 1.96838682e-05 3.90092782e-06 4.27273108e-07
 7.74275918e-07 9.98974562e-01 1.17254658e-07 2.79199958e-06
 6.27645786e-05 5.74750416e-08 1.39435315e-05 5.42989085e-08
 6.32213300e-07 4.84198438e-07 1.16183560e-06 1.05355584e-05
 9.98628855e-01 8.40015133e-08]","[9.9071759e-01 1.5377260e-05 6.7839473e-02 4.3887546e-04 7.7555245e-01
 9.2592427e-06 6.4942646e-01 1.4240132e-02 3.6933777e-01 2.9513029e-07
 2.1523214e-05 2.3160086e-03 6.5930905e-08 1.4012295e-07 6.0494516e-05
 2.0475646e-03 1.2047776e-06 1.3686968e-05 6.4773893e-04 1.2788780e-03
 9.6197495e-05 2.3290947e-04 1.2420607e-01 1.3555417e-05 1.4459121e-04
 2.9433465e-01 1.5753463e-03 1.8179659e-02 1.1702955e-02 9.9958712e-01
 2.8500549e-06 2.3408171e-03 7.1769074e-02 2.9500866e-06 5.7253079e-04
 2.1376396e-03 7.9388648e-01 1.7870001e-04 1.2955186e-04 2.4713436e-02
 5.4588223e-01 2.5169310e-04]"
13_image,7,"[4.1979823e-01 1.1659997e-03 6.4243659e-06 4.5571545e-05 2.2886823e-07
 9.6220209e-04 1.8098529e-01 5.4134298e-03 9.9673921e-01 9.9801254e-01
 8.9026999e-04 4.3416162e-06 9.9992096e-01 3.6110374e-05 9.4954884e-01
 4.2798124e-06 4.5352779e-05 9.0941572e-01 6.0908549e-02 1.6556105e-03
 1.5077264e-03 1.6679315e-04 1.5752241e-01 9.9724859e-01 3.2416028e-01
 3.6757099e-04 1.9172987e-05 4.9563537e-06 3.2919744e-01 2.2582398e-04
 1.0096918e-05 7.5379000e-07 1.7432244e-06 3.3087633e-06 7.4783480e-03
 2.7422342e-02 1.2517029e-04 4.2712849e-04 1.0792249e-04 5.7871687e-01
 4.8057351e-02 2.6624810e-03]","[9.2258358e-01 4.1719843e-04 1.5021148e-04 5.3741800e-04 4.2398824e-06
 2.1001326e-03 9.0829301e-01 1.1033834e-01 8.1622875e-01 7.7637118e-01
 9.9839561e-02 7.7061070e-04 6.2331885e-01 1.4589095e-04 5.5658120e-01
 2.4134673e-05 1.9888139e-04 1.8604094e-01 2.0750046e-02 6.4823262e-02
 9.2567289e-03 1.9741626e-02 6.3623205e-02 8.9739549e-01 8.8138175e-01
 5.4743834e-04 1.2886285e-02 9.3410912e-05 3.2492071e-02 1.0293655e-03
 1.4912758e-04 5.9741101e-06 5.9676496e-04 8.4811436e-05 7.0533291e-02
 9.7646816e-03 1.6708972e-02 4.5545049e-02 1.1008341e-02 7.8634858e-01
 8.2914293e-01 2.2047376e-03]","[0.31636438 0.11443807 0.0170571  0.0755657  0.07216359 0.0339941
 0.30857888 0.10634946 0.5826444  0.61726093 0.42962334 0.03887819
 0.54040575 0.03163521 0.6899508  0.14583212 0.16710845 0.5791368
 0.26191026 0.4688457  0.31339535 0.09425329 0.3134479  0.6767904
 0.54712313 0.06238334 0.4113815  0.01538567 0.3453555  0.10098162
 0.00947329 0.13987944 0.39777204 0.01482684 0.39785558 0.20165598
 0.20751537 0.38955787 0.23705405 0.11370324 0.41412565 0.05952616]","[8.8165122e-01 7.9200417e-03 2.2530035e-05 2.9195429e-04 6.2587342e-06
 1.4996578e-03 1.3079535e-02 6.4521370e-04 8.7243170e-01 7.9071099e-01
 4.7442294e-03 1.4136430e-04 8.3895820e-01 4.8643327e-05 9.8013675e-01
 6.0628216e-05 2.0161745e-04 1.3328636e-04 5.1699327e-03 3.7371513e-01
 8.3857864e-02 5.4730456e-02 1.7634060e-02 9.5549494e-01 9.7762513e-01
 1.2922170e-02 2.2739689e-03 1.3898645e-05 1.4141208e-02 2.3870825e-04
 7.4121986e-06 5.7552211e-07 6.1913370e-04 1.9484163e-05 7.7064231e-02
 1.4805509e-02 3.9891340e-02 1.4712971e-01 8.2567390e-03 9.8216873e-01
 8.8744336e-01 2.6028370e-04]","[9.66247022e-01 7.20307371e-03 8.71319149e-04 5.70259988e-03
 1.01008291e-05 1.37689020e-02 8.82271945e-01 2.73876507e-02
 9.68573749e-01 9.66079652e-01 2.74808146e-02 2.01591887e-04
 1.43101901e-01 1.64355300e-02 9.29030359e-01 2.32241910e-05
 1.52591892e-04 1.01355456e-01 2.61129229e-03 1.10878512e-01
 2.22735703e-01 5.19042648e-02 2.96685338e-01 9.40730035e-01
 2.69109756e-01 6.94808066e-02 4.83659431e-02 2.33592873e-04
 4.22022790e-01 3.17365309e-04 2.46763055e-04 1.98300204e-05
 6.67672558e-03 5.55401712e-05 1.25749677e-01 1.24411266e-02
 5.97350746e-02 6.11769617e-01 1.42287165e-01 4.57855836e-02
 3.57302308e-01 3.30563001e-02]"
13_image,8,"[2.0089154e-03 1.8704144e-02 7.0081331e-04 6.8785918e-01 3.3135831e-03
 3.1228908e-06 2.3090834e-02 9.9895990e-01 9.9865180e-01 2.9965534e-03
 9.6091563e-01 1.5763140e-04 8.9073787e-03 8.0083944e-03 3.0870455e-05
 3.1262225e-05 1.0816570e-03 2.8535846e-04 3.5760127e-04 8.1439321e-06
 6.5017148e-04 9.0993643e-07 7.2099137e-05 1.5354078e-06 8.7796456e-05
 1.2882592e-04 5.4322136e-06 5.5482667e-03 1.0242020e-03 3.7795503e-04
 5.8107748e-06 1.2296568e-05 1.2887397e-05 1.6270516e-03 1.8045444e-03
 1.9719437e-06 4.1475883e-03 1.1462242e-06 8.9438063e-06 9.9992800e-01
 3.8601420e-06 3.9431523e-04]","[2.7197074e-02 3.2763678e-01 3.2119208e-04 4.0281999e-01 6.8931937e-02
 1.8482756e-04 9.1329608e-03 9.4394088e-01 9.5056063e-01 7.8747567e-04
 8.9074111e-01 1.4660095e-03 6.1160032e-02 2.9446647e-01 4.3572902e-04
 8.2225568e-05 4.7024945e-03 2.4321737e-02 3.8646232e-02 3.5465781e-02
 6.5968529e-04 2.2788063e-05 6.6715600e-03 2.0637269e-04 1.2724745e-04
 2.0298131e-03 2.7649460e-04 6.9274142e-02 3.7700152e-03 8.7603439e-05
 4.7807163e-04 1.1992679e-03 3.2820120e-02 6.1859269e-02 1.2243888e-01
 4.2867896e-06 5.4379157e-03 5.8962829e-05 1.2491741e-04 9.8100144e-01
 4.5098446e-04 1.8269380e-04]","[0.12209198 0.10216713 0.19986883 0.03251728 0.24810475 0.3101341
 0.32496348 0.52887374 0.5201671  0.05954846 0.5961113  0.2358008
 0.35239702 0.15166554 0.08686483 0.18582645 0.15905216 0.23166147
 0.17782389 0.54458123 0.13663812 0.10235177 0.15337774 0.07167555
 0.3139634  0.14008522 0.07759569 0.11000025 0.304193   0.08715887
 0.11033867 0.09684365 0.16868684 0.5026494  0.14534844 0.10623054
 0.13150127 0.03385631 0.09413655 0.4680048  0.05163797 0.09898163]","[4.57665243e-04 7.36062881e-03 3.70185830e-06 1.66608989e-02
 2.61559646e-04 1.76958721e-02 5.32347003e-05 9.91065800e-01
 9.99254882e-01 1.23901220e-04 9.99938488e-01 3.78816942e-04
 6.70764223e-03 1.06125632e-02 2.58105993e-03 5.72702193e-05
 1.25672610e-04 1.31859828e-03 1.22304112e-02 9.69192445e-01
 9.46489017e-05 8.31599607e-08 1.16910982e-04 3.49798283e-05
 5.30053936e-02 6.79953722e-04 1.47455663e-04 8.88611889e-04
 2.60730440e-06 2.77844338e-05 6.65180141e-06 1.88896491e-04
 1.85132939e-02 1.81295734e-03 3.28972563e-03 8.26077667e-05
 2.46700074e-05 2.94617553e-06 1.62215699e-08 9.99940634e-01
 1.12798125e-05 7.32442932e-05]","[2.9612712e-03 1.4811137e-02 1.2769327e-04 6.4058707e-04 2.8126237e-01
 1.6023262e-03 1.1139748e-03 9.8162812e-01 8.4135062e-01 1.1341641e-02
 9.4741827e-01 1.6256161e-04 7.4755400e-01 7.3753702e-03 1.7519726e-05
 9.0148469e-06 6.5962519e-03 8.9615714e-03 8.3123585e-03 5.0352509e-03
 1.4216048e-04 1.9822741e-05 3.1914659e-02 1.1713847e-02 1.2561943e-01
 1.0837504e-03 7.6518063e-03 1.6755730e-02 2.5974031e-04 2.4243725e-06
 1.8263946e-04 7.1768686e-03 7.0582179e-04 1.1001875e-02 2.0765349e-02
 3.7842925e-05 1.9342720e-03 4.7324944e-04 8.0808510e-05 9.3398452e-01
 1.9059189e-04 1.0210453e-05]"
13_image,9,"[9.60528541e-06 1.76513254e-06 2.52294302e-01 6.00702390e-02
 1.43304505e-05 5.53399744e-08 2.48400997e-02 9.56597796e-06
 1.26775058e-06 3.80810197e-05 3.32424224e-06 8.52565398e-04
 4.64153709e-06 9.99959111e-01 1.22207075e-06 2.22966919e-04
 4.06559047e-05 4.91296959e-08 1.89438481e-07 1.21143159e-04
 1.81098358e-06 2.01937789e-03 9.97712255e-01 7.06815190e-05
 2.26766218e-07 1.43520330e-04 3.26233057e-05 8.40256549e-03
 9.99974489e-01 5.62195510e-07 9.59536643e-04 2.17203137e-06
 3.51021663e-05 6.07674767e-04 1.35527502e-04 9.99994874e-01
 5.65082906e-03 4.82892618e-03 2.62002391e-06 2.80747809e-05
 1.14724787e-06 3.34436081e-05]","[1.1343025e-03 7.7696051e-05 8.3712417e-01 2.5064924e-01 2.9314922e-05
 7.5695710e-04 9.5504040e-01 9.0398695e-03 8.3491323e-04 2.5832744e-03
 1.8353152e-04 2.5142794e-03 7.8736770e-04 9.7429818e-01 1.6611124e-03
 2.0827474e-05 4.1631320e-01 4.2251454e-06 2.9444027e-05 1.7599698e-02
 2.5466841e-03 1.7981355e-01 9.8580384e-01 2.5030134e-02 1.7138975e-05
 1.6473281e-03 1.1146931e-02 2.1349711e-02 9.9221534e-01 4.1245635e-06
 9.8427758e-03 1.0886934e-03 5.4608227e-04 4.4773528e-03 1.8219427e-03
 9.6385992e-01 1.4975621e-01 5.6386435e-01 8.4648002e-03 2.9621256e-04
 7.4247066e-03 3.6457983e-05]","[0.14424306 0.13071361 0.18265976 0.4458127  0.07164437 0.02318884
 0.23198086 0.04322477 0.28370377 0.05095051 0.10778001 0.08844294
 0.03663712 0.5922104  0.18125358 0.10138886 0.13544576 0.11368504
 0.01830019 0.23841695 0.19150525 0.46229708 0.4931493  0.20384943
 0.02832621 0.02813654 0.05149563 0.18811534 0.49924144 0.21074003
 0.25263736 0.0420693  0.08824111 0.26511955 0.32166672 0.6407902
 0.20541786 0.6470125  0.36255056 0.3082301  0.088331   0.34132457]","[2.2253823e-02 3.8349064e-04 1.7065663e-02 9.9652326e-01 4.4333421e-05
 2.4637821e-04 1.6302253e-01 7.2782689e-01 5.4249569e-05 4.8414101e-03
 1.7895832e-03 4.5055050e-02 2.2915740e-02 1.2068563e-01 6.1225214e-06
 5.9312192e-04 2.7391424e-03 8.1572316e-06 6.6421591e-05 1.9523816e-02
 2.6834500e-03 2.8646642e-02 9.7717935e-01 5.5422699e-01 4.5643916e-05
 4.3433745e-05 6.9211964e-03 1.5894946e-02 9.7543323e-01 5.6509721e-06
 5.8883970e-04 2.4164729e-02 2.3140581e-03 1.0563031e-02 6.7583560e-03
 9.9684322e-01 1.9188292e-03 9.4530511e-01 1.5717365e-02 3.4242382e-03
 1.9361442e-02 2.8683848e-04]","[1.1119790e-02 2.0091678e-04 2.6135734e-01 1.2651239e-01 3.5888355e-04
 2.8013277e-01 2.2996974e-01 5.5014580e-03 1.1018724e-03 1.2629608e-03
 6.0829648e-04 1.3144489e-02 2.1405775e-02 3.3037043e-01 6.8336572e-03
 6.4048260e-03 8.3320290e-02 3.2685399e-05 3.1021896e-03 1.3890681e-03
 3.6248425e-03 9.0314366e-02 9.7883302e-01 8.0867745e-02 3.6762882e-04
 8.7906956e-05 1.6728461e-02 8.3789639e-03 7.4171174e-01 9.9530422e-05
 5.0639389e-03 6.3597937e-03 3.2753526e-04 4.0242360e-03 9.8034274e-03
 2.3089087e-01 7.3564737e-03 8.7386575e-03 1.1029941e-03 2.6314992e-02
 9.7930967e-04 4.1277413e-05]"
13_image,10,"[9.9999213e-01 2.4221146e-02 5.1953208e-05 5.0379651e-07 3.5396852e-08
 2.0476829e-08 8.2398819e-06 1.0663956e-04 4.9754027e-07 6.0314474e-06
 3.0285628e-06 6.0584369e-09 1.0135247e-02 4.4538123e-03 9.9998939e-01
 3.3471966e-07 5.9286367e-07 3.4988543e-04 6.8432242e-09 8.2983354e-07
 1.1682309e-08 7.6631574e-07 8.3725250e-01 7.4464666e-08 5.0567585e-04
 2.2886636e-06 9.9994612e-01 1.7897271e-03 2.3539941e-07 1.5328297e-07
 2.8655589e-01 9.9999774e-01 9.9985242e-01 6.8119401e-03 1.8122137e-06
 8.2913679e-08 3.6800542e-04 1.9956145e-08 9.9998665e-01 1.7048887e-07
 5.8022968e-04 9.9962342e-01]","[8.7266868e-01 4.4907022e-02 6.2375467e-02 1.1259244e-04 4.1356412e-05
 5.6146941e-04 2.6692548e-03 3.7643693e-02 1.6217351e-02 1.2599252e-03
 5.3483597e-03 9.7160537e-06 3.1655458e-01 2.6943680e-02 8.7882471e-01
 9.2306538e-05 4.9579673e-04 2.7649517e-03 3.2928982e-04 1.7082145e-04
 1.8063719e-04 9.3966181e-04 6.0568929e-01 1.1014942e-03 2.2917180e-01
 4.5577120e-03 9.4768196e-01 6.1681503e-03 2.0622101e-02 3.0943059e-04
 7.4408573e-01 8.0680978e-01 9.1323322e-01 3.0572155e-02 3.3397707e-03
 4.1181565e-04 3.6617648e-02 7.2108395e-04 7.3510647e-01 3.2018744e-03
 1.7565385e-02 9.2705619e-01]","[0.7289777  0.269281   0.3568277  0.05705236 0.05082653 0.01641277
 0.03355063 0.19739714 0.0737322  0.14761159 0.11545969 0.10219421
 0.35628542 0.41050777 0.6729493  0.06681192 0.08324108 0.08207189
 0.0098447  0.13055299 0.01813888 0.27616006 0.23270755 0.01698525
 0.43427745 0.20814537 0.79251695 0.01623415 0.18682286 0.02669684
 0.15636802 0.69652355 0.6308743  0.27387968 0.03800157 0.0398555
 0.19690086 0.01683952 0.66976535 0.21683328 0.17680147 0.5457924 ]","[9.79606688e-01 1.40236124e-01 2.36638961e-03 8.79888903e-05
 7.72270960e-06 1.82383574e-05 2.20932532e-02 4.65440517e-03
 1.45169850e-02 4.98038135e-04 1.11458674e-01 1.47571981e-07
 5.41705871e-03 3.96939665e-02 9.51601624e-01 1.17645379e-06
 1.09771834e-04 1.50063890e-04 7.39214329e-06 1.33194017e-05
 5.75474360e-07 2.23796163e-02 1.10649997e-02 2.20467672e-02
 8.07994070e-07 4.48617106e-03 9.95076835e-01 3.19661311e-04
 7.70400311e-06 1.50383239e-05 5.78613486e-04 9.93851662e-01
 9.18852329e-01 2.62208641e-01 1.35828592e-02 1.16262090e-05
 6.18698597e-01 1.31562194e-06 9.78568614e-01 6.22745696e-03
 6.23965040e-02 9.54569280e-01]","[3.35749626e-01 8.85352731e-01 3.63619000e-01 1.06931384e-06
 4.51744745e-06 3.70827001e-05 1.06990931e-03 2.11448669e-02
 9.18042008e-03 7.68655632e-03 1.89194270e-05 3.38138966e-06
 9.06903949e-03 6.49358053e-03 9.96744871e-01 2.30970431e-06
 1.91720808e-03 1.16291005e-04 7.32038679e-05 1.63503855e-01
 1.03171589e-03 3.74983443e-04 2.16829777e-01 1.81517244e-04
 2.35215470e-01 1.04262130e-04 5.84230721e-01 1.00604875e-03
 4.50773127e-02 4.53296900e-02 4.44597751e-01 9.85411584e-01
 9.87014532e-01 6.83355629e-02 5.95336431e-04 5.93830133e-04
 4.86437455e-02 5.57580555e-04 5.01187325e-01 7.71853700e-03
 6.95165806e-03 9.74744558e-01]"
13_image,11,"[9.9390137e-01 8.4804967e-02 1.3020862e-03 5.6871225e-04 1.1639005e-06
 1.4271710e-05 4.6300884e-02 2.4498156e-03 5.2494782e-01 4.3276860e-04
 1.6338282e-07 1.0714536e-02 1.1037537e-04 2.3179050e-04 3.3246163e-06
 2.1735368e-04 2.3942683e-05 9.6180099e-01 2.4108751e-06 1.8907459e-03
 4.0344265e-05 5.8583754e-01 9.9984741e-01 1.2810336e-05 2.1080696e-05
 1.4330115e-03 4.3300655e-01 1.1613898e-05 1.1764588e-05 9.8755264e-01
 9.9790549e-01 9.7491801e-01 5.5534347e-06 4.7112994e-07 9.1986394e-01
 9.9906439e-01 8.8652232e-06 1.6141584e-04 4.0026724e-05 6.3433508e-05
 4.3845142e-04 1.8859135e-05]","[9.68361616e-01 1.57407090e-01 1.01607339e-02 1.92498509e-03
 4.13677335e-04 4.33682690e-05 7.89354444e-01 2.41552163e-02
 6.26824796e-02 5.37214987e-03 4.72850734e-05 3.73971939e-01
 2.31578480e-03 3.83937992e-02 3.43306549e-03 2.59327572e-02
 1.63275363e-05 9.97538686e-01 6.34830561e-04 7.41455495e-01
 7.96015188e-02 7.33218729e-01 9.58693445e-01 1.98246585e-03
 2.72054924e-03 1.24811396e-01 7.78802395e-01 1.07522414e-03
 2.81950430e-04 7.35595942e-01 8.92966151e-01 8.73955250e-01
 1.64046336e-03 2.71869852e-04 7.38439679e-01 9.64973152e-01
 8.76466744e-04 3.87747809e-02 2.62339674e-02 6.90018535e-02
 5.14793575e-01 4.59951460e-02]","[0.6587806  0.07441948 0.31379613 0.04570188 0.0208012  0.12225229
 0.15531434 0.1560281  0.24646775 0.10590362 0.00916506 0.19475937
 0.13014618 0.13785054 0.04396718 0.24096349 0.20183627 0.45536157
 0.03501012 0.14257967 0.15184246 0.51882213 0.61662096 0.03465646
 0.07887981 0.19412924 0.4893034  0.06942371 0.02115749 0.5466099
 0.6768935  0.30929464 0.03304449 0.02477348 0.50584555 0.40047705
 0.03144896 0.07072753 0.08260139 0.20344335 0.12494891 0.1069508 ]","[9.98763084e-01 8.96151396e-05 4.10106679e-07 4.71356837e-03
 3.35614274e-08 2.60035069e-08 2.31129327e-03 9.52785228e-07
 3.02096567e-04 5.58120701e-06 9.40183575e-09 1.24342099e-04
 8.22173050e-08 4.72572778e-04 3.92874597e-07 4.11681555e-07
 3.24755865e-06 9.99420285e-01 5.71001380e-08 1.77166294e-02
 2.78225425e-03 5.91845028e-02 9.99067605e-01 5.67538848e-07
 1.43629691e-07 9.43600433e-04 9.88191783e-01 1.07202126e-07
 4.49662032e-08 9.99160647e-01 9.98422980e-01 9.96165037e-01
 1.41287941e-07 7.30466780e-08 1.68824986e-01 9.95511651e-01
 7.95416568e-08 1.16648234e-05 1.00084696e-06 4.00168943e-07
 2.08430237e-07 2.81040070e-06]","[9.2323536e-01 1.6397342e-01 6.9935888e-04 1.4576645e-01 2.1740133e-03
 1.5663596e-05 5.0601655e-01 2.3187306e-03 6.1067648e-02 1.9279358e-04
 2.7023158e-05 1.5360415e-02 4.6816055e-02 6.2163390e-04 1.8255046e-02
 1.5703718e-03 8.0923082e-06 5.0186920e-01 8.6642176e-02 1.5152866e-01
 2.6219690e-02 9.8672104e-01 9.9049205e-01 2.8175893e-01 1.3699806e-04
 6.4071143e-01 9.9031234e-01 3.2000955e-02 1.7844593e-02 2.6337424e-01
 4.3756273e-01 7.6754045e-01 1.7216001e-04 6.2810571e-04 5.7900864e-01
 8.2356787e-01 1.3496860e-02 7.4510498e-04 3.1720977e-03 3.1646281e-01
 3.7513873e-01 1.5089450e-03]"
13_image,12,"[1.1838902e-04 1.3863246e-03 1.5824353e-05 2.1614849e-06 1.2527873e-04
 1.8008832e-05 8.5517473e-04 1.4352071e-07 1.2137122e-03 9.9938917e-01
 8.3586838e-07 8.0616977e-03 2.4212861e-02 1.8771038e-06 4.9577900e-03
 1.0190035e-02 9.9307328e-01 1.2678565e-01 9.1556901e-01 4.4862436e-06
 1.5873762e-05 9.9836296e-01 9.9358648e-01 1.5204999e-02 1.0672692e-06
 2.2005405e-07 7.3605113e-02 2.3704234e-07 1.7994819e-02 2.9878085e-04
 3.6578821e-03 8.8578016e-03 8.6494003e-07 3.2087839e-06 4.0541454e-03
 7.5810982e-07 9.9824584e-01 4.7950268e-01 9.9932659e-01 9.9996376e-01
 9.5222866e-08 1.7496883e-05]","[2.04306915e-01 5.35942207e-04 5.59019297e-02 1.56191504e-03
 3.57641518e-04 9.44778440e-05 1.46506522e-02 3.04091463e-05
 3.81033053e-03 9.72171247e-01 2.82061775e-03 3.22616808e-02
 2.33433638e-02 1.19995861e-03 4.98398058e-02 1.46911755e-01
 9.90861297e-01 1.34028494e-04 9.11043227e-01 1.27174368e-03
 3.68585715e-05 9.55515385e-01 9.23560619e-01 2.85773911e-03
 1.71951942e-05 1.18038006e-04 1.28358346e-03 1.11722104e-04
 3.56160817e-05 2.05670465e-02 3.53345349e-02 4.68945876e-03
 1.45088052e-05 8.95368634e-04 2.16998219e-01 9.49103618e-04
 9.79460716e-01 8.10384691e-01 8.73853743e-01 9.74988401e-01
 3.13740456e-05 9.23378021e-03]","[0.27226493 0.20023933 0.09848059 0.07150636 0.07752369 0.11060877
 0.17979528 0.01189834 0.14158832 0.44887754 0.07237224 0.21565366
 0.23945253 0.12711318 0.26077592 0.41288167 0.43256605 0.03449407
 0.37434718 0.06136407 0.04268236 0.5329739  0.2541099  0.1737713
 0.22759816 0.011279   0.07466707 0.01833084 0.0535062  0.05026899
 0.28087407 0.14217484 0.10057043 0.08066203 0.58403826 0.04615065
 0.36050573 0.35330656 0.4798462  0.44967982 0.00899168 0.20970505]","[1.06773804e-07 4.32723027e-04 6.15967153e-08 5.23818429e-08
 1.63398159e-04 3.10441319e-05 1.88087311e-03 3.13335669e-08
 1.31833348e-02 9.63727593e-01 2.98701948e-03 1.17808493e-04
 1.24080107e-04 3.38989246e-08 1.69316128e-01 1.52993128e-02
 1.48603648e-01 6.40977034e-03 9.93661880e-01 2.65162274e-08
 3.43394495e-05 9.79113758e-01 9.85963821e-01 3.74521250e-07
 1.53831115e-06 4.29013234e-08 4.68368497e-04 3.46287585e-08
 5.46641313e-02 7.32090056e-01 1.96405239e-02 5.59588898e-07
 4.30771706e-07 9.47897831e-08 1.55871297e-04 2.88339201e-08
 9.90678847e-01 9.67268825e-01 9.88782346e-01 9.94315684e-01
 2.99021181e-08 3.78937600e-03]","[1.0910471e-01 2.5506688e-02 4.7780672e-04 1.3727141e-02 5.6108180e-04
 4.3926348e-06 1.0919892e-01 3.3897926e-05 4.0850846e-06 8.9610976e-01
 2.7597658e-03 5.0559217e-01 8.2678469e-03 3.3776360e-04 4.6375924e-04
 5.9569007e-01 9.4193572e-01 2.6198391e-06 9.9680114e-01 9.7901351e-04
 1.0092827e-05 7.6704711e-01 8.5758293e-01 5.8296407e-03 8.3545201e-06
 3.8310987e-04 1.7544157e-03 2.5849242e-04 2.8927767e-05 1.1531898e-03
 1.5614937e-02 1.5103532e-03 8.7927610e-06 7.7222910e-04 4.3034046e-03
 3.8129429e-04 4.2961752e-01 7.2383885e-03 2.5329384e-01 8.2868195e-01
 8.9035061e-04 1.5802628e-03]"
13_image,13,"[9.9685210e-01 9.6748537e-01 7.2859068e-05 9.6168071e-01 7.4688208e-01
 1.0113536e-07 2.1144640e-05 6.2140590e-04 9.9910331e-01 3.4108839e-07
 8.8534627e-08 7.6526158e-02 1.8174026e-07 3.8145698e-04 9.9999392e-01
 8.4600302e-08 3.9105788e-07 9.2964035e-01 2.0567852e-03 2.7640467e-06
 4.0824740e-04 5.1176630e-07 2.6063843e-05 6.3009858e-05 7.3363826e-02
 6.2917821e-02 2.3471564e-04 1.8018928e-01 4.9946477e-05 1.7318047e-04
 1.1860535e-02 6.6851485e-01 9.9082071e-01 1.3773037e-03 6.7597532e-05
 6.3906964e-06 1.4649442e-04 3.8369784e-01 5.9319905e-04 8.0863247e-04
 8.8488376e-01 1.7281697e-06]","[9.2078811e-01 4.6137115e-01 1.6648743e-04 6.4755124e-01 7.4526143e-01
 8.5947933e-05 1.4844266e-02 4.2794091e-03 1.8052022e-01 5.2435591e-04
 2.4209808e-06 2.8984848e-01 2.6844285e-05 3.0241692e-02 9.7812134e-01
 3.4372311e-04 7.2080642e-04 1.0044828e-01 4.7591482e-03 3.8844890e-05
 7.4374983e-03 1.1198663e-03 3.7504504e-03 1.2179667e-02 2.3068410e-01
 1.8379405e-01 2.4527733e-04 1.4297554e-01 2.3110481e-03 2.7571771e-02
 9.0419002e-02 1.7421640e-01 8.8850099e-01 2.1774720e-03 3.8215984e-02
 1.2898018e-03 2.2330312e-02 3.6052442e-01 1.3761603e-03 7.9386793e-02
 6.5674555e-01 1.9033889e-04]","[0.5375376  0.32171503 0.08153072 0.41258052 0.49722174 0.00867038
 0.25929514 0.11160196 0.5610893  0.0111408  0.13038145 0.3399481
 0.12237291 0.2072455  0.42758322 0.01577528 0.04547417 0.5009028
 0.1133415  0.12498233 0.05717289 0.06122857 0.06855606 0.30912527
 0.6210948  0.34869927 0.12413433 0.29062712 0.05471354 0.15397151
 0.26261365 0.2320895  0.66699594 0.18647116 0.13478869 0.12875137
 0.3655112  0.19326374 0.05183852 0.30200288 0.6241718  0.0590644 ]","[1.88417524e-01 1.24656921e-02 7.05240382e-05 8.81572187e-01
 3.22487175e-01 1.03348064e-07 5.00856619e-03 8.13409570e-05
 9.14977312e-01 2.89711875e-06 3.80410029e-06 2.21199894e-04
 2.10045800e-05 5.25043439e-03 9.98683512e-01 3.37426627e-07
 2.11641047e-04 2.21961942e-02 2.33969186e-05 1.87852664e-03
 2.70878663e-04 4.28233499e-04 1.72306682e-04 3.17001017e-03
 9.97393727e-01 6.73525512e-01 1.62824745e-05 5.69084004e-05
 9.58438158e-01 1.39872485e-03 5.90112712e-03 1.59555362e-04
 9.95399296e-01 3.57098470e-05 5.57353160e-05 3.80533119e-03
 1.08706328e-04 2.71748081e-06 5.60142735e-06 1.49151497e-03
 2.66180653e-02 1.42671196e-02]","[9.7852373e-01 3.4717813e-01 1.4137614e-03 6.2642130e-03 9.4381052e-01
 7.1992225e-05 6.0747522e-03 2.3105484e-02 3.6286673e-01 3.4142341e-03
 1.5494526e-06 7.8391057e-01 5.8703787e-05 1.3410521e-02 9.7483021e-01
 4.3812764e-05 2.6006787e-04 1.4916515e-01 1.5609109e-02 2.1826035e-04
 4.7100935e-04 8.0941612e-04 6.3397205e-03 5.8650170e-02 3.8610107e-01
 1.7197767e-01 7.0722154e-03 1.1960529e-02 6.9092959e-02 7.7046789e-03
 4.3158388e-01 5.7864033e-02 9.8560089e-01 8.0658734e-04 6.1497506e-02
 5.5097940e-04 3.4110585e-01 1.4282712e-01 2.6843959e-04 6.1531700e-02
 4.0754959e-01 6.9020665e-05]"
13_image,14,"[3.4380326e-04 8.9930773e-02 4.8359292e-05 1.5969586e-04 9.1169807e-07
 6.2551512e-03 3.0906086e-03 9.6433294e-01 3.7700412e-04 6.5979184e-05
 3.2446433e-08 6.9877075e-08 3.4951612e-03 1.2261310e-06 4.2857714e-06
 1.3821915e-04 1.9881469e-03 5.3520747e-03 2.8840895e-04 1.0440162e-04
 9.9999917e-01 1.1160528e-08 2.2821581e-04 6.7182453e-05 5.1246656e-07
 3.5591163e-06 3.2564984e-07 1.8115814e-07 1.6768114e-05 1.0255218e-06
 1.0421254e-04 2.1267045e-08 8.8173168e-04 4.8845223e-01 5.6566723e-04
 2.5503773e-06 1.6909061e-08 5.3852261e-07 5.3594742e-02 8.8865668e-01
 9.0213744e-06 1.0346851e-05]","[4.51094173e-02 1.81647152e-01 1.33505583e-01 2.30930932e-02
 1.67376024e-03 1.27853438e-01 1.23069808e-03 3.56092043e-02
 8.42977199e-04 3.18751857e-02 1.33069912e-02 1.59248186e-04
 6.29839051e-05 2.14784518e-02 3.06422450e-02 4.50891070e-03
 1.61776125e-01 4.59159046e-01 2.29874719e-03 4.27829393e-04
 9.82245684e-01 6.30703362e-05 1.24945175e-02 6.24979194e-03
 5.58137486e-04 1.44385889e-01 1.79341417e-02 5.39327739e-03
 3.63058895e-01 9.34538394e-02 1.25164762e-01 1.16702449e-02
 2.07090806e-02 7.64700651e-01 1.02218962e-03 3.35911289e-02
 3.10729578e-04 1.12552429e-02 1.27564892e-01 2.72914648e-01
 5.69047290e-04 4.58463095e-02]","[0.23274928 0.33842465 0.5519682  0.29098383 0.07692308 0.07605472
 0.11278959 0.29360107 0.0657634  0.03626902 0.02119786 0.01118379
 0.0706846  0.18753925 0.10104203 0.16316746 0.3268164  0.23653053
 0.11549658 0.06785455 0.698742   0.01126268 0.16380166 0.16991937
 0.2746866  0.21382758 0.06455223 0.03796107 0.3253112  0.31483868
 0.28666958 0.18433659 0.19328783 0.5953422  0.0447121  0.1524936
 0.0212777  0.06856988 0.18352097 0.1765948  0.09304684 0.23058106]","[1.0217450e-03 3.9398624e-03 9.9812275e-01 3.7166487e-02 4.3522189e-07
 4.5833254e-04 7.5254451e-05 1.6311251e-04 1.5479288e-04 3.3909716e-02
 4.5424292e-07 4.6339028e-06 4.6941910e-05 9.2542388e-05 1.6088185e-01
 4.9248611e-06 2.4945278e-01 9.4446218e-01 7.2612211e-02 8.5115517e-03
 9.9955112e-01 1.2684894e-06 8.4887552e-06 5.1267380e-05 3.4570899e-06
 2.7971237e-04 1.8657507e-01 1.6939573e-01 3.5253385e-04 3.3118261e-04
 1.4781302e-03 9.9516714e-01 3.9988288e-04 8.0279179e-02 1.4002074e-04
 4.4684301e-04 8.5527267e-07 1.5632668e-01 9.6147165e-02 2.5282765e-02
 1.7036858e-06 1.5361101e-04]","[4.1115088e-03 9.6788645e-01 1.3728179e-01 1.8494017e-01 7.3220763e-05
 2.7678192e-02 4.5631654e-03 3.4557823e-03 3.8045648e-04 4.0558234e-02
 1.1142232e-02 8.5346319e-04 1.5559894e-04 1.3945863e-03 2.2883400e-02
 5.9738620e-03 1.3358727e-01 2.8238046e-01 1.0698115e-03 1.4763899e-03
 9.7874433e-01 4.5213951e-06 2.5946828e-02 6.9760424e-03 3.1585868e-03
 8.4837511e-02 1.3142381e-02 8.1638671e-02 3.2632917e-02 9.1580376e-02
 2.5372207e-02 7.1040387e-03 8.2069794e-03 1.0698147e-01 1.9590354e-03
 3.1101671e-03 3.8292052e-05 1.4541596e-04 9.1117811e-01 3.6488461e-01
 1.2795659e-03 2.4928129e-03]"
13_image,15,"[4.6506675e-04 1.7259943e-05 2.2729440e-05 1.6178489e-04 9.7711039e-01
 6.9039699e-04 8.1157646e-05 2.9381286e-04 6.2030149e-03 8.7030712e-06
 9.6959060e-01 9.9007177e-01 3.9318793e-06 1.3269690e-05 9.4575648e-07
 5.0777828e-07 1.4966764e-02 9.9998653e-01 7.1842172e-05 1.2483898e-06
 9.3626559e-01 3.4648767e-01 7.1071821e-07 5.7122261e-06 2.8597806e-03
 1.1632487e-05 1.1587247e-03 1.2686495e-04 8.0892760e-06 9.9373263e-01
 2.0934490e-06 6.7892051e-01 1.1653060e-01 1.6724278e-05 1.9649960e-02
 1.4258391e-05 4.8654874e-05 1.8322939e-03 6.1779314e-01 6.3126965e-04
 1.2275758e-03 1.6202682e-06]","[1.2939436e-02 2.6751877e-04 7.0546434e-05 2.5144365e-04 4.0923336e-01
 6.5159642e-05 5.4577935e-02 3.0578941e-04 2.8396009e-02 2.9176706e-03
 7.1387672e-01 9.1372585e-01 1.4649064e-04 2.7687898e-02 2.2370256e-03
 6.8832310e-06 9.5175030e-03 9.9778521e-01 7.0892321e-03 6.7504130e-05
 6.9379151e-01 9.8448700e-01 2.0080763e-04 3.5514697e-04 4.5689371e-01
 3.5636113e-03 2.0882166e-03 1.9089907e-02 2.2170557e-02 8.6610007e-01
 6.6587930e-03 8.6524862e-01 6.9717312e-01 3.7626978e-03 5.2912854e-02
 2.3430787e-01 1.5143858e-02 8.6573004e-05 9.1069019e-01 4.7912234e-01
 3.7791669e-01 5.7791229e-03]","[0.43037614 0.15524761 0.11797944 0.06977776 0.74842495 0.07330181
 0.42142132 0.10098571 0.11853184 0.24504721 0.70951736 0.69254315
 0.02185634 0.10299896 0.40323305 0.04822388 0.83615464 0.79162467
 0.17879944 0.05719068 0.46257934 0.53772974 0.00644201 0.03047389
 0.9837676  0.10781613 0.01328085 0.5256881  0.12542348 0.6617115
 0.04379777 0.70876616 0.5001     0.26034278 0.46402887 0.18856443
 0.14536817 0.11033131 0.0438587  0.37919027 0.3106525  0.01330543]","[6.23927545e-03 3.84221785e-02 1.48761565e-05 2.07867697e-02
 9.85497713e-01 1.24907878e-04 3.60512316e-01 1.16248611e-06
 1.31580455e-04 1.59991216e-02 9.86537933e-01 9.42872584e-01
 3.35676013e-03 2.72242061e-04 5.50021869e-05 1.37812958e-05
 6.06535119e-04 1.45399004e-01 1.37255789e-04 1.29939135e-05
 9.85694706e-01 8.92804004e-04 5.37503274e-06 4.33674008e-02
 7.82136703e-05 5.56660816e-04 7.37634036e-05 5.60820960e-02
 1.11769527e-01 9.99660015e-01 9.56656186e-06 9.95144784e-01
 1.88099831e-01 1.40507407e-02 9.97288346e-01 1.11830501e-04
 7.07105035e-03 1.22823360e-04 9.93783057e-01 6.05103793e-03
 2.89531678e-01 1.33352769e-05]","[6.79845596e-03 3.22176231e-04 1.03607343e-03 1.27168577e-02
 9.24278736e-01 4.40017134e-03 5.19821584e-01 4.75469278e-05
 4.34495788e-03 7.41270510e-03 7.40376770e-01 9.47008848e-01
 2.44444091e-04 1.72362253e-02 6.85929134e-02 9.38116282e-05
 4.68892306e-02 9.77623761e-01 5.03898365e-03 5.68995056e-05
 5.94745159e-01 5.84225953e-01 3.62369756e-04 3.76011655e-02
 2.84303678e-05 2.15023663e-02 1.07312994e-02 3.64731967e-01
 5.51624317e-03 8.09795678e-01 3.79570097e-01 9.81345177e-01
 6.09559417e-01 7.78231351e-03 1.26018479e-01 4.20261361e-02
 1.70843396e-02 4.32449015e-04 2.65388079e-02 4.65884179e-01
 1.20886974e-01 2.71932827e-03]"
13_image,16,"[9.9868673e-01 5.5801424e-06 1.2212250e-05 9.9891210e-01 9.9997687e-01
 7.9231123e-03 1.6104474e-07 1.0161050e-06 6.4165966e-09 9.5087826e-01
 1.2970413e-08 4.8636917e-09 5.4097985e-04 8.6577320e-06 9.9999917e-01
 7.2645217e-01 1.7537275e-05 3.4536693e-06 2.8005655e-07 4.1123334e-04
 5.2695128e-04 9.9999976e-01 4.2189085e-06 2.9706111e-06 9.5059841e-06
 1.8415965e-06 9.9996626e-01 7.6447066e-08 1.1501697e-08 1.8546897e-08
 5.6808680e-08 3.5546697e-09 5.2882172e-07 6.2328467e-09 2.1893840e-05
 2.5425066e-09 3.9927626e-04 9.0535556e-04 9.9999762e-01 1.5764314e-08
 1.9474495e-02 6.2246365e-03]","[9.27512228e-01 7.77742565e-02 4.75478964e-03 2.73773849e-01
 8.00687671e-01 1.06671720e-03 7.78969959e-04 1.40261948e-02
 6.41289575e-04 8.59439194e-01 6.41905935e-04 1.74856672e-04
 1.08652387e-03 4.80201532e-04 9.23841953e-01 7.68100977e-01
 2.35332116e-01 6.58832083e-04 4.25312435e-03 7.67148752e-03
 3.93101841e-01 9.81029332e-01 2.04851874e-03 8.73611483e-04
 1.02475606e-01 5.35070430e-03 8.86481047e-01 9.85028692e-07
 4.96662855e-02 1.36744557e-05 4.89028578e-04 1.93941509e-04
 2.25214288e-03 3.08885035e-04 7.83139083e-04 1.33994108e-05
 1.76550206e-02 2.97836289e-02 9.51476932e-01 3.07014823e-04
 3.29379918e-06 4.29833680e-02]","[0.45079505 0.15235479 0.13657579 0.5667146  0.7109936  0.3051156
 0.08337388 0.15912537 0.01275987 0.38030884 0.07330669 0.015877
 0.10457214 0.0299239  0.594532   0.5315     0.2444986  0.05456579
 0.04525325 0.09222189 0.45222488 0.527279   0.07620249 0.15819313
 0.34742746 0.1396562  0.5857776  0.1594001  0.02167466 0.04306188
 0.0279147  0.00675185 0.09346208 0.0291818  0.19183272 0.0054559
 0.05061796 0.15450537 0.34203532 0.01962605 0.40449217 0.30696672]","[1.55431479e-01 1.73733220e-04 2.25453842e-02 2.16366313e-02
 9.75936890e-01 7.03393243e-06 2.40169428e-02 1.01961405e-03
 4.92840854e-06 1.40678614e-01 1.13199451e-06 3.92673383e-06
 9.40938480e-05 1.03800485e-05 9.95163918e-01 9.19152200e-02
 4.73133894e-03 4.05666360e-05 3.09949052e-02 4.88856575e-04
 3.61141711e-02 9.94276822e-01 1.38542571e-04 2.07845835e-04
 3.93805318e-02 6.40703784e-03 9.21275139e-01 5.25083408e-07
 6.01853967e-01 1.07179187e-06 2.52104451e-06 3.79689777e-06
 2.89876607e-05 5.66625522e-06 2.34248973e-02 4.09297354e-06
 1.28874080e-02 4.21545893e-01 9.65879917e-01 8.91646869e-06
 5.64607490e-07 1.07594300e-03]","[5.0882585e-02 4.3620776e-02 1.0731457e-04 2.3702638e-01 6.8685323e-01
 6.2008860e-04 6.3160813e-04 1.5813746e-02 5.9586107e-03 8.3708233e-01
 3.3398988e-05 1.2488135e-03 5.5289932e-04 3.1225898e-04 9.7901893e-01
 2.5755998e-01 2.4527158e-01 2.0508168e-03 3.4585658e-01 6.9739427e-03
 2.3392363e-01 9.5164198e-01 3.9180380e-04 3.2077117e-03 2.5284383e-01
 4.8186281e-03 9.6191186e-01 7.9506381e-06 5.3274781e-01 3.0651240e-04
 1.6785348e-02 5.7608110e-04 6.6358445e-04 1.0672939e-02 6.5417524e-04
 1.6739283e-04 3.1747833e-02 2.8637901e-01 6.7312354e-01 1.9526538e-02
 5.4864481e-06 8.8319853e-02]"
13_image,17,"[1.5178866e-04 9.9994576e-01 9.9702173e-01 7.8571128e-04 1.8327079e-08
 4.6823212e-04 7.2180100e-08 1.5119438e-04 2.5384836e-05 2.6807818e-03
 2.1732463e-08 2.4898455e-04 9.9993849e-01 2.8812970e-04 6.7537934e-07
 9.9999893e-01 1.6053329e-08 5.1319336e-08 6.9215679e-01 9.8722000e-03
 2.5995292e-03 7.5965210e-07 1.4646413e-03 1.5708072e-07 2.4941459e-01
 8.3980195e-02 1.0649800e-07 1.5839058e-08 3.6103274e-03 1.5167306e-08
 3.6400792e-07 2.9582869e-05 3.4272031e-08 9.9995601e-01 5.0305462e-05
 7.0423653e-08 9.6945179e-01 9.9944073e-01 9.9989581e-01 1.1955197e-08
 7.5487344e-04 1.7664389e-08]","[4.73237643e-03 9.87551630e-01 9.87443149e-01 7.85137415e-02
 5.86391106e-05 1.71675347e-02 3.91168229e-04 1.00760935e-02
 7.96914450e-04 1.42612057e-02 1.26129889e-04 1.79129578e-02
 9.83167350e-01 1.37290079e-03 3.65275913e-03 9.93732750e-01
 3.88112639e-05 1.77930668e-03 1.06122032e-01 8.15469563e-01
 1.71166122e-01 1.19323330e-03 4.12783809e-02 6.36880985e-04
 6.80993721e-02 1.87965354e-03 1.57452598e-02 5.31845180e-05
 6.06106400e-01 6.43713912e-03 3.98328491e-02 8.11129808e-04
 1.75671681e-04 9.28683102e-01 3.35222296e-02 2.07793331e-04
 9.20899928e-01 9.90487039e-01 9.83746052e-01 1.72684464e-04
 1.23332767e-02 8.52491357e-05]","[0.4025453  0.43468705 0.578811   0.3342618  0.01870347 0.7150098
 0.1424614  0.12604037 0.12340462 0.15116641 0.12766686 0.70132494
 0.54083025 0.12686199 0.11348153 0.50355405 0.00777096 0.07394233
 0.5001933  0.21881415 0.4316569  0.08971046 0.17228736 0.05996535
 0.14000417 0.16873363 0.11297737 0.01246346 0.3832821  0.05402455
 0.05326547 0.22011103 0.02277042 0.5924759  0.5071506  0.1432005
 0.532732   0.42350686 0.48936912 0.08462702 0.15507145 0.03174454]","[4.76171059e-04 9.99915838e-01 9.96334434e-01 6.55946962e-04
 2.33302814e-07 7.81937316e-03 8.69441428e-05 2.67183804e-03
 7.91492130e-05 1.69887438e-01 1.67535589e-07 1.20082426e-04
 9.99976873e-01 2.26194379e-06 3.08120012e-04 9.99994636e-01
 7.78273801e-08 1.50275679e-04 8.29531928e-04 9.65728581e-01
 2.92447265e-02 6.01123902e-05 2.12348700e-02 1.55483562e-04
 1.62124576e-03 2.12799732e-05 2.11837672e-04 1.51407761e-07
 9.99657750e-01 1.12969154e-07 9.42026258e-01 9.90543902e-01
 3.00344510e-07 9.88857865e-01 8.51562163e-07 1.74406105e-05
 9.99511123e-01 1.78777277e-01 9.94608760e-01 3.93985999e-07
 2.40179012e-03 6.64030324e-08]","[1.4182456e-02 7.0648795e-01 5.0959092e-01 3.8454831e-02 2.7085852e-03
 2.1089972e-03 4.6217296e-04 2.5721181e-02 2.1356612e-03 2.4418859e-02
 8.3005660e-05 5.2413124e-01 5.8433914e-01 1.4595062e-02 4.4123687e-02
 8.4758484e-01 4.7571667e-02 4.8550116e-03 3.2295164e-02 1.9300395e-01
 8.7882262e-01 1.2619179e-02 3.9122030e-01 1.5317332e-02 1.7266031e-02
 6.2666261e-03 6.9722584e-03 9.9874637e-04 1.6233444e-01 5.6581213e-03
 5.6047785e-01 2.4029735e-04 3.6512606e-04 8.1474376e-01 7.7162348e-02
 2.5806425e-04 8.8856190e-01 6.4233077e-01 9.2181450e-01 7.5218286e-03
 7.0513012e-03 2.9981922e-04]"
13_image,18,"[1.48522187e-04 1.65411527e-03 6.66121014e-06 5.28110661e-07
 1.58604848e-06 2.10354498e-04 1.66932091e-06 7.32653309e-03
 4.74950066e-03 1.64142457e-05 1.66411212e-06 9.99977708e-01
 2.14150214e-06 4.20029842e-08 1.88967788e-05 9.50463104e-08
 1.99419537e-06 1.00425939e-06 3.57577082e-04 1.29997304e-07
 9.96382209e-04 8.95377639e-08 6.66767574e-09 1.65839893e-07
 1.49350835e-03 1.13913855e-04 3.95060482e-08 4.37504314e-05
 2.12677807e-01 4.84743148e-01 3.89375117e-07 2.45807949e-03
 1.12403533e-04 1.41186761e-02 9.93722022e-01 7.09444721e-05
 5.42109683e-06 9.98745084e-01 9.62677240e-01 2.34256968e-05
 3.81400780e-04 2.30559090e-06]","[1.30799428e-01 2.13239789e-02 3.97172880e-06 3.39302438e-04
 1.66381506e-05 2.55557918e-03 2.32892358e-04 1.06683101e-05
 2.50700265e-02 8.68781283e-03 1.79196824e-03 9.68242466e-01
 2.02244683e-03 5.31284045e-03 1.08038643e-04 1.62913208e-03
 1.86820596e-03 1.63519871e-03 1.11904442e-02 7.79391325e-04
 5.47306389e-02 1.22984202e-05 9.23313637e-05 2.64499173e-03
 7.05908798e-03 1.23833190e-03 1.16842175e-02 1.14448332e-04
 4.35701311e-01 8.22076559e-01 1.27632939e-03 1.37671214e-02
 8.34002718e-02 4.44071814e-02 8.38158250e-01 3.64233106e-02
 6.76507410e-03 7.74613082e-01 1.69882867e-02 3.22361174e-03
 1.11075461e-01 8.97446080e-05]","[0.4606064  0.21494938 0.23708935 0.09626145 0.11393273 0.04396253
 0.20038739 0.03149185 0.2522908  0.3755971  0.04932378 0.581942
 0.08739628 0.04744945 0.05517523 0.02046513 0.02737614 0.1318359
 0.08385076 0.05045523 0.2610908  0.09111769 0.01914402 0.05217673
 0.16570625 0.10811508 0.22486725 0.20934086 0.4145753  0.5353991
 0.0577231  0.13515332 0.3555086  0.17798287 0.72043234 0.2684041
 0.11326063 0.38408807 0.28771842 0.21569216 0.20513283 0.07861416]","[4.7372587e-02 1.4313557e-03 3.8763224e-07 3.1165359e-06 7.3584272e-03
 3.0820094e-05 2.3267796e-04 6.8774167e-04 6.8619214e-02 1.7618176e-03
 8.1905400e-06 9.8206377e-01 6.5734539e-06 1.9991543e-07 5.8499745e-06
 1.2833099e-06 7.2052017e-06 1.3706352e-05 3.8329355e-05 1.7957959e-07
 1.1867969e-02 7.6133773e-08 2.1281274e-07 7.7145396e-06 9.2937798e-06
 7.7309314e-04 1.0120499e-04 7.4776394e-06 2.4624660e-06 9.7904176e-01
 7.1285435e-06 1.1271383e-04 3.1408560e-02 5.5367783e-02 9.0472889e-01
 2.3100458e-03 5.8901985e-04 9.7629094e-01 8.1485882e-04 1.9156219e-03
 3.5174832e-01 4.7840722e-06]","[3.7641519e-01 2.2301886e-02 1.2007768e-06 6.0888170e-04 2.7210748e-05
 2.0214666e-02 2.6826809e-05 7.2038637e-07 8.3029874e-02 1.7038209e-02
 5.8872802e-03 8.9130121e-01 1.0774338e-03 3.0825506e-03 1.4768404e-04
 9.4206072e-04 5.6969142e-04 3.9360039e-03 1.0319302e-01 6.9091715e-05
 1.1202301e-02 7.0907840e-06 2.6283244e-05 5.4152054e-04 1.4704035e-02
 4.4118497e-05 8.0492040e-03 8.6625696e-05 3.6666561e-02 9.9386013e-01
 2.6325716e-04 5.9687225e-03 1.1845626e-01 4.6962649e-01 9.7406602e-01
 2.4282306e-03 6.9269347e-03 8.3926892e-01 7.6427743e-02 5.5030260e-02
 5.3126323e-01 2.6953077e-05]"
13_image,19,"[1.3747645e-06 1.2120830e-06 2.1639991e-05 1.7885233e-06 2.2506138e-02
 1.5134993e-05 3.6113998e-03 1.5097420e-03 1.2324168e-05 5.9391133e-04
 5.4147654e-07 1.8773970e-05 2.7741351e-07 9.9999487e-01 1.8092454e-03
 1.9429241e-05 6.6392636e-07 4.4640998e-05 4.6119313e-03 1.6425615e-07
 9.9455822e-01 5.0057126e-03 1.7507539e-04 4.2194720e-06 2.6289320e-06
 5.6433521e-04 1.9072371e-07 7.2891873e-01 2.9797539e-07 9.9945551e-01
 9.9946684e-01 1.7000089e-05 9.9964190e-01 2.5649652e-02 8.2238513e-01
 7.1094069e-04 9.9817169e-01 2.4121236e-03 7.0265937e-04 4.8613281e-04
 8.9806638e-04 4.9625942e-04]","[1.37571042e-04 5.28606493e-03 6.13477863e-02 1.69087827e-04
 2.15717897e-04 3.26460530e-03 2.99031883e-01 1.47469133e-01
 4.26535914e-03 2.17630845e-02 1.60107666e-04 4.16539173e-04
 1.25893057e-04 9.89912450e-01 5.50535927e-03 1.99901173e-03
 1.54969806e-04 1.10996829e-04 5.18524794e-05 2.58892018e-04
 9.85218585e-01 7.51492143e-01 1.05411775e-04 1.70815308e-02
 7.96434615e-05 5.62504709e-01 1.66759892e-05 8.01589668e-01
 4.51413589e-03 9.94103730e-01 9.89779830e-01 7.44877430e-03
 9.95780587e-01 7.23387348e-03 9.44693506e-01 2.99057029e-02
 9.86781299e-01 6.32480830e-02 2.68613687e-04 2.22873762e-01
 3.43553014e-02 1.48562191e-03]","[0.01453567 0.01270147 0.13778281 0.0241849  0.0512233  0.05371798
 0.6936573  0.2224927  0.08770252 0.5456432  0.01258006 0.0888463
 0.00795569 0.6025183  0.44137505 0.02197888 0.01107023 0.24476244
 0.0257469  0.15772784 0.614427   0.4126096  0.20526148 0.17207745
 0.15657668 0.32197788 0.11886328 0.39447471 0.17218956 0.5190567
 0.650158   0.05372514 0.82321995 0.15746084 0.5885771  0.14078216
 0.4515999  0.13980663 0.02586185 0.05315199 0.16638103 0.06345744]","[4.7386561e-06 8.1451035e-01 4.5952653e-05 9.1899210e-06 1.5773305e-03
 4.3521192e-02 9.9160439e-01 7.5647392e-04 2.1902055e-02 8.0582323e-03
 1.0490887e-06 2.7549721e-03 3.5095322e-06 9.9978226e-01 3.4198814e-04
 4.4412055e-04 4.2845295e-06 1.3179689e-02 5.4411060e-04 2.8539771e-06
 6.2202040e-02 4.1618883e-03 1.9051407e-03 1.2715915e-04 1.6931326e-05
 5.0501819e-03 8.7731451e-06 9.8818690e-01 9.4989079e-01 9.6385640e-01
 9.9813974e-01 2.0927364e-06 9.9861920e-01 1.1222565e-04 9.9666792e-01
 8.0006957e-02 9.8022306e-01 1.8511411e-03 3.2215504e-04 3.8236514e-05
 1.5697215e-01 3.8140573e-02]","[9.98443272e-03 8.47385973e-02 5.38418442e-03 2.11087018e-01
 6.20643987e-05 6.89135492e-01 2.67510302e-03 3.36357916e-04
 7.32117891e-01 2.70551354e-01 2.06737823e-04 6.49096955e-06
 2.72400866e-05 8.88472676e-01 7.63151838e-05 3.40164546e-03
 1.66723952e-02 2.54133329e-06 1.43888414e-07 2.89316643e-02
 1.83930784e-01 9.24282134e-01 1.07613167e-04 2.93990248e-03
 3.65718165e-06 4.79690194e-01 2.22493122e-06 5.74011862e-01
 2.16151658e-03 9.24977005e-01 9.26747501e-01 5.77164665e-02
 4.72044051e-01 8.35538581e-02 7.22175837e-01 4.61505726e-02
 1.00881167e-01 4.29133279e-03 3.73381248e-04 1.06256165e-01
 9.02467873e-03 3.09054833e-03]"
13_image,20,"[6.4535607e-03 6.0943764e-02 7.5372599e-02 1.0544302e-01 9.9999285e-01
 1.9289903e-01 1.9811287e-05 8.5619763e-03 5.3323397e-06 6.6894437e-03
 9.9966478e-01 6.4322650e-02 1.4992881e-06 7.6905131e-02 2.1139520e-05
 1.8497105e-06 2.4441935e-03 2.0725570e-04 1.3710925e-01 6.4308978e-07
 7.1773495e-05 9.9986792e-01 3.7852895e-02 9.7712725e-01 1.4859035e-03
 3.4042557e-03 4.0820858e-05 5.5982862e-03 2.6311366e-06 2.5690550e-05
 8.1802544e-05 1.4166825e-03 4.2825095e-02 2.9470291e-05 2.2779147e-03
 3.8989389e-03 1.4859981e-04 3.1269391e-04 1.0109782e-06 7.2766125e-07
 1.4736135e-04 3.9424149e-06]","[3.5180721e-02 2.4203883e-02 2.0476349e-02 6.9814968e-01 9.6878350e-01
 2.4700750e-02 2.2460731e-04 2.6691102e-03 2.0859847e-04 7.0794958e-01
 8.7405878e-01 9.9280083e-01 1.2020867e-04 3.3607434e-02 9.2511754e-03
 3.8446946e-04 1.7932720e-03 2.6895581e-03 2.7313739e-01 9.6966418e-05
 8.1499189e-02 9.7954810e-01 5.4661274e-01 9.5671290e-01 5.5732735e-04
 4.6545971e-02 4.7443374e-03 1.4737821e-01 1.9944194e-03 1.4298120e-04
 6.1627187e-02 8.1289589e-04 2.1258789e-01 6.5465510e-04 1.2613067e-03
 8.8354483e-02 3.5020176e-02 8.1645232e-03 9.8456083e-05 2.0162070e-04
 7.8966242e-04 2.3983388e-04]","[0.26547086 0.5367211  0.18192692 0.5533793  0.8127855  0.48075905
 0.25620526 0.09255092 0.01607747 0.2896122  0.7236481  0.5515252
 0.14378452 0.2580829  0.03954992 0.01066456 0.11567294 0.04720555
 0.32928368 0.01112499 0.29592982 0.6617667  0.6104085  0.4550509
 0.14718457 0.28937802 0.1303139  0.29879692 0.08296861 0.05296049
 0.18491116 0.02599091 0.30119318 0.0463055  0.1613389  0.38186163
 0.23726493 0.16889776 0.00717306 0.00892361 0.081026   0.02591844]","[7.1030743e-02 7.8695470e-05 2.2444759e-02 3.0730653e-03 9.9790251e-01
 2.5544133e-02 2.5853334e-04 2.5791887e-03 2.3813679e-06 2.3011555e-01
 8.7728995e-01 1.0976472e-04 1.9382285e-06 2.3303544e-02 4.0257356e-07
 1.1077202e-06 4.4888373e-02 5.6943961e-04 1.4280583e-04 7.6231697e-07
 1.9151654e-02 9.9264103e-01 1.4661575e-02 9.6930915e-01 2.6155718e-02
 2.4045468e-05 2.2094717e-04 1.3839680e-04 2.2891664e-04 1.1866628e-06
 4.8305836e-02 1.6775515e-02 2.4773262e-03 7.0627008e-05 3.5383102e-02
 1.3886198e-03 1.9620733e-04 5.7217684e-03 2.8749789e-06 7.3454072e-07
 5.7251961e-04 1.3675856e-06]","[1.15982583e-02 1.08956080e-02 8.74961093e-02 2.04292461e-01
 9.96280611e-01 5.37439026e-02 1.04755236e-04 1.73988679e-04
 2.31166724e-02 4.22203183e-01 7.06552327e-01 6.49818182e-01
 1.24668106e-04 3.37100998e-02 4.48422134e-02 4.30926302e-05
 1.30800996e-03 1.33518483e-02 3.49736325e-02 1.56216047e-04
 7.86956586e-03 9.75355566e-01 4.01943386e-01 9.93223429e-01
 5.54131018e-03 1.27739413e-03 2.17970042e-03 4.37742293e-01
 8.79206881e-03 3.53855944e-06 1.04452204e-02 8.49087536e-01
 1.33266732e-01 6.34570140e-04 5.37360087e-04 1.91847759e-03
 2.16954621e-03 4.08366472e-02 1.50019390e-04 1.37079402e-03
 1.31507013e-02 1.88765116e-03]"
13_image,21,"[1.2360228e-01 9.9327493e-01 9.9814308e-01 9.0195326e-06 1.0752794e-02
 9.9997401e-01 2.9610103e-05 3.0388085e-02 9.1133695e-03 2.0781977e-03
 6.5725811e-02 2.9697054e-07 7.1384581e-03 3.3161569e-07 2.5430789e-02
 2.5456915e-02 1.1521496e-05 4.8835312e-07 8.5739185e-07 9.9984014e-01
 1.7665018e-03 2.5313358e-07 6.7617211e-06 1.2990455e-02 4.7878601e-04
 1.8846412e-06 4.9342776e-07 7.9456665e-02 7.4075029e-07 1.1325943e-03
 2.4126961e-03 3.4348685e-02 4.0256138e-05 2.0961373e-03 1.9499348e-01
 8.6967885e-02 1.8417491e-02 3.6389020e-03 1.4880640e-04 5.3587346e-04
 1.3871956e-02 3.1256570e-07]","[1.3891852e-01 8.3475614e-01 9.6532482e-01 3.1679887e-03 8.9977039e-03
 9.8190653e-01 7.9724484e-04 4.8567311e-04 1.7377408e-02 7.4921973e-04
 9.1352230e-03 1.2188509e-04 6.3508810e-03 4.3016757e-04 7.0371702e-02
 6.1071150e-02 2.8998745e-04 5.1119161e-04 3.0365383e-04 7.6360208e-01
 5.5511142e-03 5.3139715e-03 2.3439932e-05 2.9827473e-01 1.6413776e-02
 3.7200043e-05 4.1259313e-04 5.0637394e-01 6.9303095e-04 8.3259419e-02
 2.0503661e-02 1.1949590e-01 5.8064634e-05 2.1764117e-01 3.2716325e-01
 1.2331737e-01 3.5291137e-03 3.8747722e-04 2.4444563e-03 6.4497131e-06
 8.5151201e-04 3.9335896e-04]","[0.39377028 0.71401095 0.5208654  0.04612444 0.3608269  0.7925981
 0.07252406 0.29434565 0.4838202  0.24914634 0.2657925  0.00788568
 0.38340536 0.00443931 0.4423175  0.10668393 0.17654952 0.07854746
 0.06161907 0.4568017  0.40867195 0.15560459 0.08055048 0.07700585
 0.14140353 0.10893548 0.05416523 0.12660228 0.21019019 0.2415631
 0.09278379 0.18694387 0.12302616 0.6733736  0.67112386 0.34428412
 0.31113422 0.08335779 0.07542535 0.2413744  0.03300808 0.0503278 ]","[5.1413840e-03 9.9650335e-01 9.9881870e-01 2.3148574e-03 3.3209577e-01
 9.9998403e-01 1.1314740e-05 7.2018127e-04 1.3903345e-01 4.5062151e-07
 9.9724811e-01 1.0408317e-07 9.1095520e-03 9.8736628e-08 8.7166954e-05
 1.4718897e-05 3.7710497e-06 1.9343936e-07 2.7576668e-08 9.9934310e-01
 6.5599289e-04 1.4908366e-08 2.0883781e-06 6.4410305e-01 4.2157748e-04
 4.1364686e-07 2.8988882e-07 5.3835815e-01 7.2370998e-09 2.1526535e-06
 1.5490827e-03 5.4633747e-05 1.1527039e-06 1.6715584e-04 1.6212601e-08
 1.4742285e-01 5.9606396e-07 9.4373172e-06 5.9454935e-04 7.6647639e-09
 2.6847329e-06 6.7982405e-08]","[1.96759272e-02 9.94743586e-01 9.16534424e-01 3.13489735e-01
 9.04897213e-01 9.77024496e-01 2.45838263e-03 4.43556346e-02
 1.56850785e-01 1.64715424e-02 4.94454592e-01 1.06122905e-04
 5.99922799e-02 2.39462661e-05 4.95776534e-02 1.46145239e-01
 1.96264535e-02 7.87646789e-03 1.31685883e-04 7.22759590e-02
 5.84708750e-01 9.02731263e-04 7.97479972e-03 4.64114826e-04
 1.22886791e-03 1.16828734e-04 2.11558253e-01 1.79425463e-01
 8.99025705e-03 2.41790898e-02 7.31361238e-03 7.10626468e-02
 9.16160643e-03 3.85685951e-01 4.11874764e-02 1.88257799e-01
 1.04996823e-02 3.13319921e-01 9.20608938e-02 4.28410858e-05
 2.99160776e-04 5.17837529e-04]"
13_image,22,"[2.8045343e-07 9.9972290e-01 1.3117017e-07 9.9979132e-01 9.9976915e-01
 6.6725062e-07 6.7621000e-02 7.6821480e-06 1.0084659e-05 3.7520149e-01
 4.0919758e-07 8.7506068e-01 7.3935305e-05 9.9996865e-01 1.0009493e-04
 1.2926225e-04 9.4298564e-02 2.3834212e-04 7.4325450e-05 9.9956208e-01
 3.1866084e-04 4.4448949e-05 3.0832409e-05 9.9964821e-01 5.8740748e-05
 9.9991524e-01 7.4810521e-03 2.9622691e-07 1.4088472e-06 8.1625549e-06
 7.2483220e-03 2.5312498e-03 1.3185128e-02 1.4087732e-03 9.7017229e-02
 9.7660888e-03 9.5800936e-01 4.8271750e-06 8.3658251e-06 3.0221280e-02
 1.8432000e-04 3.6911454e-06]","[1.3688602e-04 8.9208972e-01 1.8303275e-04 7.8404105e-01 7.8617674e-01
 3.6067635e-04 1.0420423e-02 3.0760147e-02 9.4373577e-04 4.7138453e-02
 2.0003159e-04 1.9157915e-01 1.9332690e-03 7.9815078e-01 9.9967384e-01
 5.5411487e-04 5.5160392e-02 3.6154132e-02 3.0300193e-03 8.1118494e-01
 7.5695072e-03 1.8620535e-03 2.3376381e-03 7.1175140e-01 1.4158229e-03
 8.2055748e-01 4.0912996e-03 1.4130514e-04 7.6684984e-04 4.2866627e-04
 1.9893494e-01 1.4036950e-05 3.6628714e-03 2.8902911e-02 2.4111345e-02
 5.3748493e-03 6.9273257e-01 4.4196611e-05 3.2011166e-03 1.7225249e-01
 3.5897060e-04 1.9941566e-05]","[0.0137976  0.6424258  0.01244751 0.2882519  0.6261095  0.02470007
 0.07024489 0.11505426 0.07623609 0.24287839 0.02664663 0.3235071
 0.17778824 0.5540477  0.34944525 0.071894   0.31253538 0.14939362
 0.10322231 0.6319298  0.17282234 0.15041879 0.07162449 0.48610878
 0.22926664 0.4405538  0.18910933 0.02743391 0.12405035 0.05449611
 0.13130952 0.4070075  0.17105624 0.11548007 0.2454747  0.35512337
 0.51386184 0.10434129 0.06591816 0.22212191 0.06239922 0.10756528]","[1.6638578e-05 8.7881112e-01 4.7209065e-05 9.6080214e-01 8.5501230e-01
 4.3726020e-02 1.3122897e-02 3.6100779e-02 5.8803572e-03 8.2267351e-02
 6.6524744e-02 2.5869754e-01 6.5047765e-04 7.8232008e-01 7.0344025e-01
 6.2002726e-03 2.9678054e-03 2.0024340e-04 2.2075139e-03 6.2539333e-01
 2.5995171e-03 7.7298185e-04 1.1932920e-03 7.9728359e-01 1.4525605e-03
 7.2388470e-01 1.3884191e-02 1.2846086e-04 4.3605387e-02 4.9246322e-02
 2.1991430e-01 7.3644696e-05 3.9394256e-01 4.2855594e-05 8.7360865e-01
 4.7379900e-03 3.8697961e-01 1.0581127e-03 1.7398166e-02 3.5154194e-02
 2.6521401e-02 6.7774655e-04]","[4.74482542e-04 6.31836236e-01 1.64136611e-04 2.22204462e-01
 8.96693885e-01 2.54265935e-04 7.82265887e-03 1.57719175e-03
 7.46631548e-02 1.59674317e-01 1.40598859e-04 2.89044976e-01
 2.17918609e-03 9.96306777e-01 3.04989338e-01 1.27257037e-04
 8.45422298e-02 1.09322906e-01 3.14865145e-04 9.23196375e-01
 5.20023666e-02 5.00997994e-05 1.50146103e-03 9.05480564e-01
 4.31944281e-02 9.63576257e-01 1.96732581e-02 1.18158714e-05
 1.60110521e-05 2.23859461e-04 3.53250951e-01 3.55456395e-05
 3.10916943e-03 1.29265490e-03 3.18139605e-02 9.38258410e-01
 9.50864792e-01 1.18960503e-04 5.22273127e-03 3.25586484e-03
 6.41266233e-05 5.45216899e-05]"
13_image,23,"[9.9996483e-01 4.1305839e-07 2.2437301e-07 5.7160953e-08 1.1259948e-01
 4.7849835e-04 4.0717919e-07 1.7199801e-07 1.4189240e-01 2.1941416e-01
 3.1553350e-02 1.5708712e-05 1.7102959e-04 1.6211988e-02 6.4533675e-04
 5.2663021e-05 5.5188339e-05 3.7256852e-01 9.9998808e-01 4.2653130e-07
 3.0155729e-06 2.6567001e-08 6.8737329e-08 3.6516283e-02 2.2123433e-05
 2.0771933e-05 3.3923285e-04 1.0138631e-05 1.5948762e-06 1.7892710e-04
 2.7462301e-07 1.3430185e-03 5.0261123e-03 1.8631997e-02 7.9609948e-01
 6.0519284e-01 4.5675470e-06 1.3496404e-02 1.4857246e-04 3.9700386e-03
 9.3894279e-01 6.8816662e-05]","[9.8429954e-01 6.2638537e-05 4.0837796e-03 6.4595901e-05 2.1766473e-03
 5.8671791e-04 1.7970848e-04 7.9125290e-05 3.0565909e-01 1.1848653e-02
 2.9437852e-03 5.5721523e-03 9.5525356e-03 4.4446083e-04 4.5482963e-03
 2.5456498e-05 2.2280369e-04 2.7120244e-04 9.6963173e-01 3.9901200e-04
 1.1454518e-04 2.6832842e-03 6.6364039e-05 1.2196446e-03 1.2566002e-04
 2.4745869e-03 2.8769848e-05 7.5702861e-05 1.2460678e-04 4.1495034e-05
 2.8870103e-03 1.1907058e-04 4.7724861e-05 7.5596966e-02 2.3669000e-01
 9.3930608e-01 1.2290394e-03 2.3432469e-02 5.3908113e-02 7.6749315e-04
 9.0697676e-01 3.5015159e-06]","[0.76152074 0.04265884 0.11045185 0.01321537 0.0428608  0.5112706
 0.06301954 0.02642575 0.0874397  0.29839265 0.3077756  0.22596987
 0.16271442 0.17083266 0.58762413 0.23817302 0.02213675 0.1788873
 0.5323534  0.06471898 0.19575956 0.0415534  0.03009667 0.13079287
 0.15200327 0.11164492 0.06340072 0.17760383 0.03864372 0.13518304
 0.05735462 0.041755   0.14953366 0.35392696 0.64159304 0.5622841
 0.11614005 0.23017101 0.26407215 0.12742786 0.32881674 0.04730488]","[9.98992026e-01 3.83730185e-05 9.32391486e-05 1.10897395e-06
 8.99568386e-03 5.80413616e-04 7.11576831e-07 7.64688684e-06
 2.11480059e-04 4.04199988e-01 5.31976366e-06 1.38081068e-05
 1.25803833e-03 7.80321261e-06 9.56734875e-05 5.37616597e-06
 6.17523369e-07 9.71156716e-01 9.29403961e-01 7.41173494e-07
 1.89881728e-04 6.04046956e-02 2.82340511e-06 2.11788165e-06
 1.12451735e-05 2.50226258e-05 2.98864452e-05 1.12092998e-07
 1.97679183e-04 6.75072943e-06 1.38233975e-06 1.84010773e-04
 4.93846273e-05 7.45881815e-04 8.65356995e-08 1.38382494e-01
 2.44357329e-06 4.22129640e-03 2.63055274e-03 1.14488066e-03
 8.92591253e-02 3.64688248e-07]","[9.9940288e-01 7.7298522e-02 1.9975893e-02 9.6523541e-01 7.3047960e-01
 2.2535697e-02 5.4089969e-04 4.2410917e-03 3.6449924e-01 7.6541132e-01
 1.1382141e-03 7.5677917e-03 1.5026074e-03 6.2035169e-02 8.6474639e-01
 4.9229758e-03 3.5314499e-03 9.0706736e-02 9.7294021e-01 1.7254082e-03
 1.4577543e-02 8.0999351e-01 3.6077541e-03 7.5242377e-04 1.6468793e-02
 4.9032178e-03 9.8482205e-04 3.8610588e-06 1.4597332e-01 5.8202004e-05
 3.7048032e-04 2.4832362e-02 9.4777904e-03 9.5404929e-01 2.7113192e-02
 1.1789171e-01 3.8370194e-03 4.1638619e-01 6.7412961e-01 6.9706225e-01
 8.1276411e-01 1.8523906e-07]"
13_image,24,"[5.0404151e-06 4.5000017e-01 1.1809045e-05 9.9390417e-01 2.4028587e-08
 1.4705458e-07 6.5359586e-08 4.9631355e-05 4.4480141e-04 9.9877471e-01
 3.1346412e-06 2.9108836e-07 9.9997795e-01 2.6966212e-04 2.5277238e-04
 1.6991362e-07 3.9820611e-07 2.7970943e-04 2.2169072e-05 1.2544131e-04
 2.5256396e-08 1.8970857e-07 4.0481332e-06 4.4611588e-01 6.7038558e-02
 9.3025161e-09 7.2343551e-05 8.6419457e-01 6.3984975e-05 1.7663520e-07
 8.0392390e-05 8.0837410e-05 5.3585987e-05 2.9399144e-08 3.9803290e-08
 1.3841516e-05 3.6085919e-06 4.9589694e-08 2.4641563e-08 3.1157338e-08
 1.3491232e-05 2.3270926e-05]","[1.65015124e-02 1.28441153e-03 4.85057430e-03 6.71999037e-01
 6.24540122e-03 6.61356296e-07 2.60253530e-03 5.23468442e-02
 6.82289973e-02 8.80531430e-01 1.47483274e-01 1.43729127e-03
 9.02204275e-01 1.76828355e-01 1.23458453e-01 1.04101445e-03
 1.02206878e-02 6.22156084e-01 6.93057617e-03 5.64414309e-03
 2.04770714e-02 8.91631236e-04 5.85556068e-02 6.69380188e-01
 6.00844212e-02 6.95177412e-04 9.45720263e-03 9.35756743e-01
 9.37628970e-02 2.27820445e-02 1.60540603e-02 8.21347069e-03
 6.40093982e-02 1.57888292e-03 1.45464232e-02 6.86150491e-01
 3.85151780e-03 1.04338592e-02 6.34535821e-03 8.60895321e-04
 1.20707095e-01 1.99261367e-01]","[0.03989602 0.05358815 0.07958604 0.69649005 0.00974966 0.01680369
 0.04354881 0.2914569  0.19337468 0.5027631  0.0533874  0.08123064
 0.3160032  0.23604423 0.18713799 0.02601488 0.09143675 0.40499833
 0.1444644  0.06976401 0.12803052 0.04565356 0.01848024 0.22178899
 0.01977732 0.00643629 0.09990022 0.72981185 0.15760009 0.02935295
 0.24246065 0.05537529 0.26703924 0.02116808 0.01358314 0.19172205
 0.03901678 0.01234038 0.01673575 0.03765384 0.21941823 0.41521472]","[2.95686163e-02 5.16205192e-01 1.11355796e-03 3.58602881e-01
 5.10669342e-05 1.73918454e-06 5.11373468e-02 2.85901874e-02
 6.62881241e-04 9.47915316e-01 8.72769160e-04 1.41026499e-02
 9.51233745e-01 1.66874025e-02 3.58917862e-02 1.67409759e-02
 3.42316926e-03 1.63553953e-02 2.00831927e-02 1.52580049e-02
 6.16835477e-03 3.55894677e-02 9.37134866e-03 8.17993879e-02
 7.21015558e-02 6.99815282e-05 1.58286872e-04 9.80283558e-01
 2.01716481e-04 3.26616311e-04 1.94182780e-04 1.31566981e-02
 2.16596983e-02 2.21612975e-02 1.58177485e-04 6.86367825e-02
 2.13276632e-02 2.42729438e-04 1.00402365e-04 3.58427792e-06
 1.32454233e-03 1.87091529e-02]","[3.54868753e-05 4.71379459e-02 3.31065385e-03 9.59465981e-01
 4.44693316e-04 7.95137748e-05 4.02438047e-04 2.26529520e-02
 1.47196343e-02 9.31941211e-01 6.05263822e-02 1.33487405e-02
 6.48030406e-03 3.32227629e-03 2.71223113e-02 3.78624565e-04
 3.80368643e-02 4.21162471e-02 4.96066315e-03 5.53153083e-03
 3.49902362e-01 6.63783503e-05 7.32092420e-03 1.04814228e-02
 3.30895707e-02 5.93085097e-05 6.47348934e-04 7.90943563e-01
 1.22070082e-01 3.69478669e-03 4.60826373e-03 1.31471064e-02
 1.09427189e-02 1.68907194e-04 4.44682286e-04 7.75996625e-01
 1.99463288e-03 9.56635457e-03 2.56991456e-03 4.52550648e-06
 1.31106883e-01 8.57824162e-02]"
13_image,25,"[1.3156314e-03 3.4187559e-02 7.8403300e-06 1.7575898e-04 5.4814432e-06
 4.1334901e-02 1.6297463e-07 1.4565798e-04 9.9999213e-01 2.1821032e-05
 6.4735999e-03 2.1895033e-03 5.2249339e-07 2.9183184e-03 1.1366627e-03
 5.2674877e-05 3.0837540e-04 3.7659495e-07 7.7045007e-07 1.5812169e-04
 3.7709449e-03 3.4317383e-04 4.8953503e-02 3.2480141e-06 1.8665769e-06
 4.8457345e-04 1.5330696e-04 9.4513553e-01 9.9870825e-01 2.5567808e-04
 9.9022490e-01 4.1906145e-01 1.0649221e-03 7.2076928e-04 8.1441081e-05
 7.7503588e-05 9.9570614e-01 1.4341437e-03 2.4512907e-05 4.1451098e-05
 5.4608127e-03 4.5362604e-03]","[5.44420560e-04 1.10987440e-01 1.95611920e-03 4.38694330e-03
 1.46163307e-04 1.57517772e-02 1.73577908e-04 5.25727384e-02
 9.60099459e-01 4.50984458e-04 2.79198925e-04 7.82934600e-04
 2.06705811e-03 1.11713319e-03 9.07953084e-02 1.19231345e-05
 5.17251727e-04 2.91810920e-05 1.02792261e-02 4.07801475e-04
 1.29046112e-01 8.10588989e-03 4.45345686e-05 3.39343998e-04
 7.07151048e-06 1.29252717e-01 6.61296188e-04 8.75907600e-01
 9.71713126e-01 5.56031149e-03 1.37579050e-02 9.17168379e-01
 7.83970114e-03 4.12327761e-04 9.54303332e-03 2.82531139e-04
 7.75398910e-01 1.01810209e-02 3.70478403e-04 2.19872454e-03
 5.63231809e-03 9.73723712e-04]","[0.10338771 0.5100307  0.0809599  0.07702789 0.08997564 0.06080361
 0.01531052 0.166285   0.6290067  0.06112541 0.06342233 0.03426265
 0.05070447 0.10141981 0.30367157 0.04524195 0.11364692 0.19865705
 0.15073    0.12613936 0.5631079  0.3021516  0.09570355 0.14813706
 0.1945665  0.3004978  0.19531915 0.3788235  0.39538327 0.18009564
 0.05181523 0.29066607 0.15651785 0.05802791 0.4184636  0.11350172
 0.40469489 0.3699972  0.03208051 0.0888063  0.05043703 0.264422  ]","[7.0644324e-05 9.3103617e-01 2.8423963e-03 2.6629283e-03 5.0389921e-05
 4.8323105e-05 4.8030483e-06 3.5850843e-03 9.9624568e-01 1.6552058e-05
 8.5473489e-03 6.8519832e-05 5.1403582e-02 1.6236102e-04 2.6099605e-02
 2.3284510e-05 3.7761380e-05 7.3273222e-05 8.6382836e-01 5.3735830e-06
 9.7978115e-01 9.0369087e-04 3.7763341e-04 1.9616866e-03 3.0609976e-07
 1.7416160e-05 1.1505004e-04 9.9452966e-01 9.6835905e-01 1.7731283e-03
 2.0968593e-05 8.5178387e-01 3.5323046e-02 1.8556135e-05 9.5827138e-01
 1.6502267e-05 8.7878048e-01 3.8746189e-04 2.1431517e-05 7.4937553e-03
 1.0054023e-04 1.6635420e-02]","[9.1317255e-04 4.4776142e-01 4.3688380e-04 1.3042969e-04 1.2392655e-05
 5.6769788e-02 4.2512585e-04 6.1510224e-02 7.1545875e-01 4.3105804e-03
 3.1810168e-02 4.5578621e-02 3.9627120e-01 7.4106287e-03 2.9192898e-01
 9.5697874e-07 8.4781162e-02 2.3008330e-05 2.7276443e-03 6.3077675e-04
 1.4512953e-03 6.1810088e-01 5.6132598e-07 6.0693525e-05 2.5508649e-05
 2.7687421e-01 7.7723298e-04 2.6450273e-02 8.3842540e-01 1.5100424e-02
 4.4290878e-02 8.6063284e-01 6.3899220e-03 3.4070794e-02 1.5409590e-02
 2.7213723e-04 8.6855799e-01 1.5036140e-01 1.6582909e-03 3.5123944e-02
 1.4758800e-05 1.8635228e-05]"
13_image,26,"[9.2116559e-01 2.8504208e-05 2.3298238e-05 3.3782104e-07 2.4630742e-06
 3.4573633e-05 6.5802981e-04 2.7252468e-01 8.4845733e-04 6.4509723e-04
 1.3861015e-03 1.8495959e-06 5.4787182e-07 2.9573351e-07 4.6099138e-02
 7.4916178e-01 1.1475854e-02 3.3879539e-01 1.7509119e-05 2.5077065e-04
 2.2614756e-06 9.1010518e-02 7.1487148e-06 2.6883714e-05 9.5263743e-01
 4.5278436e-04 2.0710505e-03 8.9980804e-06 7.1512928e-05 1.1294354e-04
 4.5138386e-06 9.8814438e-05 1.0418214e-06 1.1831634e-04 9.9992812e-01
 2.4810153e-05 2.2507936e-04 9.9996853e-01 6.5578854e-05 1.4713545e-04
 7.3784119e-01 1.4054202e-04]","[9.3592149e-01 6.8580965e-04 1.1080925e-02 1.7651170e-04 3.4220989e-03
 1.3763660e-03 3.1572144e-02 6.5474357e-03 7.3550642e-02 5.9035029e-03
 1.5157862e-02 5.2739695e-02 1.7205696e-04 1.4433719e-04 3.5820597e-01
 7.5451976e-01 6.1880454e-04 1.5312128e-01 1.5341071e-03 7.8102661e-04
 1.0857979e-01 9.0806282e-01 7.1654473e-03 1.1800661e-03 5.5098480e-01
 5.4271385e-02 8.3658986e-02 4.3177721e-04 8.9304219e-04 6.2688417e-03
 5.5865425e-04 4.8357300e-03 1.0879260e-04 8.2903439e-03 7.0836967e-01
 5.4239966e-03 1.8281536e-03 9.9062937e-01 3.3059681e-04 6.3227592e-03
 1.5743950e-02 7.4456092e-03]","[0.3273328  0.07966546 0.3053363  0.01139631 0.02188232 0.10470893
 0.39667633 0.23902082 0.16476566 0.12822095 0.13804276 0.06414643
 0.03439786 0.01010861 0.44808513 0.31048253 0.14235182 0.16995046
 0.04128333 0.0471065  0.07824055 0.7656009  0.3007045  0.07728808
 0.6661153  0.4034593  0.6114843  0.07731175 0.04647375 0.09273745
 0.01666348 0.13624714 0.01134007 0.24440007 0.61981696 0.19553992
 0.25794464 0.3881575  0.06564055 0.06707126 0.1727794  0.3049704 ]","[9.6283615e-01 2.9063282e-08 2.9018207e-03 6.2300960e-06 3.6130305e-06
 4.0054489e-03 5.1197282e-04 6.9995046e-01 1.4508376e-05 4.3706918e-06
 2.2332345e-06 9.0298190e-06 2.8661506e-07 2.0056464e-06 2.0917652e-03
 3.9373832e-03 1.0250806e-05 2.4902804e-03 1.3122853e-05 1.0929623e-06
 6.5984757e-04 8.7646887e-02 4.3767674e-08 8.9977519e-05 6.3805236e-04
 1.8164287e-03 4.0052989e-03 3.0164938e-05 9.4240677e-04 4.3777822e-04
 5.1799849e-05 1.0891560e-03 1.5982176e-08 4.2460137e-04 9.9160403e-01
 2.2792323e-05 1.4114818e-06 6.3132721e-01 1.4298192e-06 3.3505858e-05
 2.5108230e-01 3.3842849e-03]","[9.8773658e-01 1.7914965e-05 6.5427665e-03 6.9685120e-05 9.9478522e-03
 3.4516333e-03 1.0910727e-01 6.4219935e-03 6.1785657e-02 2.5192196e-03
 1.1345277e-03 1.1652434e-02 2.2253185e-05 2.8397187e-03 2.6713619e-01
 5.5373627e-01 3.7748202e-06 4.6743342e-01 2.5872285e-03 4.4469544e-04
 1.7405296e-03 6.1872466e-05 4.3347593e-02 1.1559807e-01 5.4982209e-01
 4.2182691e-02 8.4973030e-02 1.7111491e-02 2.4457771e-02 2.5398150e-04
 1.5828921e-02 5.3661689e-03 6.5709883e-03 3.8742940e-03 3.1641090e-01
 2.3054855e-02 4.1638006e-02 4.3173054e-01 1.1056138e-02 2.5370147e-05
 1.8708457e-01 5.1602353e-03]"
13_image,27,"[4.50509018e-04 5.67040070e-06 2.92313501e-07 4.68764229e-05
 9.92279410e-01 1.17526133e-05 1.38718992e-01 6.23388648e-01
 9.62733873e-04 9.90860917e-06 4.09510130e-06 2.23832421e-06
 1.56255101e-03 3.02115268e-07 2.79102853e-04 1.02766789e-03
 1.51872437e-03 3.33425669e-05 1.07232381e-07 5.53715467e-01
 9.98493195e-01 5.40573026e-08 1.43428729e-03 1.16764364e-04
 3.02949388e-07 1.74797848e-01 8.22960192e-06 9.99863148e-01
 1.41350762e-03 3.68612468e-01 1.25772506e-03 3.44233522e-05
 8.16238412e-07 1.70637691e-06 7.02075022e-06 9.99967694e-01
 4.91018227e-06 9.99947190e-01 1.79657491e-06 9.99995470e-01
 3.80122401e-06 1.77275233e-05]","[3.44085582e-02 8.65135007e-05 8.73601821e-05 9.03493632e-03
 9.51618791e-01 7.21668301e-04 1.77205965e-01 7.31152356e-01
 1.63265988e-02 8.62381011e-02 5.93616453e-04 3.47042776e-04
 5.68832576e-01 3.41993669e-04 2.91625857e-02 4.96478938e-02
 2.34856387e-03 7.50265375e-04 5.91094213e-05 6.66072905e-01
 8.05177927e-01 1.20195718e-05 6.61502406e-02 1.63881909e-02
 1.04978237e-04 5.14181376e-01 5.01052244e-04 9.96270776e-01
 1.02647403e-02 8.84077191e-01 1.00491717e-01 1.28448801e-03
 3.36418831e-04 4.88658843e-04 4.67962018e-05 9.86718476e-01
 4.43323253e-04 9.69385207e-01 1.19904835e-04 9.76783276e-01
 1.35010909e-04 5.80860615e-05]","[0.27781758 0.13943282 0.01466902 0.22531216 0.9249228  0.05559332
 0.156543   0.42115098 0.45084336 0.35642138 0.48406813 0.04784707
 0.29496053 0.07507083 0.40329552 0.1030922  0.15201384 0.09607238
 0.02181209 0.2875029  0.4641291  0.01337327 0.15339513 0.2447734
 0.02443441 0.54708767 0.023551   0.6251152  0.1287801  0.42921486
 0.31203645 0.09905422 0.0167413  0.01951927 0.06726346 0.53139627
 0.02959991 0.6850323  0.05360937 0.6784546  0.03335957 0.14033197]","[9.04236455e-04 1.51486790e-06 2.84760995e-06 9.00247972e-03
 3.57705444e-01 1.60800414e-06 8.13679580e-05 9.28962324e-03
 2.74316644e-05 7.41698220e-02 1.33227164e-04 7.95836996e-08
 5.66668296e-03 1.06144835e-05 2.16689445e-02 2.19604257e-03
 2.23593124e-05 1.50972395e-04 2.45001303e-07 6.17033103e-03
 4.79152709e-01 4.82321276e-08 9.73385067e-06 1.14044985e-02
 4.45304704e-06 7.84586728e-01 2.94518341e-05 9.88030851e-01
 9.47794979e-05 4.33879107e-01 2.64227465e-02 4.93169500e-05
 3.82668162e-07 1.35360438e-06 1.52302794e-02 9.71433043e-01
 4.33496780e-06 9.97566700e-01 1.28056699e-05 9.97804940e-01
 4.44416997e-07 8.05276886e-06]","[1.4158076e-02 8.5365516e-04 2.6916515e-04 2.0967716e-02 5.6522279e-03
 3.7629284e-02 4.7447151e-01 6.8428747e-02 6.4807826e-01 4.3728834e-04
 5.9756888e-03 1.1896296e-05 2.6119011e-02 1.2917859e-04 4.2573318e-02
 2.1569981e-01 1.4662335e-03 5.0972414e-04 2.0915033e-05 2.0836760e-01
 9.7755092e-01 7.2901335e-06 1.8136010e-01 2.1950901e-02 7.5468398e-04
 5.9352061e-03 2.7438626e-02 9.9755377e-01 2.0000044e-02 2.2228205e-01
 3.3604842e-01 9.4961217e-03 1.8160709e-04 5.3739623e-04 4.7204786e-04
 3.5017586e-01 1.8503491e-04 3.3896303e-01 6.4610661e-04 9.9543130e-01
 5.9902779e-04 7.6471124e-04]"
13_image,28,"[1.1901224e-04 1.3903006e-05 1.2640174e-05 4.1681110e-06 1.0792603e-01
 3.5716721e-01 1.1657382e-03 2.5974335e-03 1.1159957e-02 9.1530621e-02
 2.8343996e-01 2.7989564e-04 4.8876777e-06 1.7088734e-03 7.5101816e-05
 8.6141603e-07 8.8671759e-06 1.3088704e-06 4.4475531e-05 2.3670973e-02
 6.6544650e-05 9.1375709e-03 9.7236629e-08 9.9960345e-01 3.6608541e-04
 2.9238185e-04 9.9992728e-01 1.0043641e-01 4.5546606e-08 9.4209695e-03
 1.0273641e-08 1.6992915e-06 1.8810440e-05 1.1017647e-05 2.1454277e-04
 2.1509349e-03 1.6558368e-03 1.4955074e-08 3.8064781e-04 3.0256019e-03
 1.7292992e-07 2.3622588e-04]","[1.13614742e-05 7.38500580e-02 3.20713851e-04 3.19410901e-05
 2.10763104e-02 9.69609439e-01 1.55376771e-03 2.06091031e-02
 8.12679082e-02 1.01627879e-01 8.32761347e-01 2.20328197e-02
 1.15529816e-04 2.47592200e-03 3.60671878e-02 1.02829457e-04
 1.67758408e-05 1.32022128e-02 4.24169749e-02 1.17829841e-04
 1.16550618e-05 1.54586602e-02 5.90778691e-05 9.74028945e-01
 1.32267296e-01 2.74956346e-06 9.93026137e-01 6.86823903e-03
 9.22852414e-05 2.30038050e-03 3.12759403e-05 1.36343855e-02
 5.46846539e-03 8.32104488e-05 1.54278619e-04 6.94600167e-03
 2.34530028e-03 1.79836716e-05 3.14995386e-02 3.05180764e-03
 1.33995782e-04 7.72403926e-03]","[0.12900816 0.16238868 0.03339088 0.07978576 0.4054039  0.6625743
 0.12546182 0.42339438 0.16382824 0.22267406 0.16288187 0.60543907
 0.26118046 0.1550319  0.18103133 0.03954592 0.10853273 0.2867156
 0.39094672 0.07530704 0.07337981 0.22015657 0.02281151 0.41045192
 0.0821147  0.0303166  0.6354689  0.05885184 0.01342593 0.21353817
 0.03030598 0.07518311 0.15867822 0.07763297 0.06305162 0.18983707
 0.25793648 0.01697744 0.47582066 0.03919793 0.04364935 0.6668203 ]","[3.7815741e-01 5.1307583e-05 2.5009342e-02 4.4939563e-05 4.5411301e-01
 1.3644065e-01 2.4100982e-04 8.6674246e-04 1.3366580e-03 4.0793754e-03
 9.9973160e-01 4.6308981e-03 2.8173477e-05 1.9234639e-03 2.2616519e-03
 1.8559977e-05 9.7173128e-05 1.5643300e-01 1.8312660e-03 1.7397176e-04
 1.2654406e-05 1.3291518e-01 1.9152462e-07 9.8558205e-01 2.2903217e-02
 1.5001249e-06 9.9444216e-01 2.8486617e-03 4.8831912e-06 1.9821334e-01
 1.2755362e-06 3.7723746e-02 4.1322228e-03 5.2767026e-04 1.4128142e-04
 1.7646786e-02 1.7017251e-03 3.3959083e-07 1.0930005e-02 6.1813600e-02
 1.7895209e-02 1.1556385e-04]","[5.5904471e-04 1.6524388e-02 1.5808115e-02 4.9093502e-05 4.0029207e-01
 3.5188299e-01 4.7110082e-03 3.9542608e-02 1.3721939e-02 3.2778165e-01
 2.8893453e-01 2.2904770e-02 1.5433934e-02 8.9913411e-03 3.0329080e-02
 3.1584322e-02 1.8105104e-04 6.8175234e-03 1.2822275e-01 2.5860979e-03
 1.3536429e-05 6.8027340e-02 4.2005957e-04 7.4273324e-01 7.6922104e-02
 4.0431169e-04 9.5920157e-01 1.1933171e-01 1.0994242e-03 2.5372493e-01
 7.7332239e-05 1.6973173e-02 1.7634409e-02 2.7839916e-03 1.3923294e-04
 1.2499366e-02 8.4410323e-04 4.1264074e-04 1.2944856e-01 9.0648049e-05
 8.4031501e-04 1.5261031e-03]"
13_image,29,"[7.32727861e-03 1.97328674e-03 7.24948151e-03 4.71835920e-05
 4.53855784e-04 9.80537516e-06 1.17491447e-06 1.55639485e-01
 1.18718446e-04 1.59060237e-05 3.40013713e-07 2.84073851e-03
 7.12442656e-08 2.24428118e-06 2.34624883e-03 5.29844542e-08
 9.98308063e-01 1.12002444e-05 4.43095087e-06 8.79985933e-08
 7.81810886e-05 1.13137295e-08 1.31959168e-04 3.84058985e-05
 2.17520423e-07 2.71553517e-07 8.14419327e-05 4.24089991e-02
 3.18585522e-02 5.95402128e-08 7.20204162e-06 9.99899149e-01
 3.65977968e-08 1.09268719e-08 1.39565323e-03 4.61934920e-04
 5.10498765e-04 7.76580293e-07 8.89128132e-04 2.73228332e-04
 9.99987364e-01 4.08609907e-07]","[8.4375001e-02 5.4582889e-04 2.2267875e-01 2.9672775e-03 8.6291187e-02
 2.9690586e-02 1.3985536e-03 6.0345155e-01 6.6533273e-01 1.4568348e-03
 8.1822433e-04 5.2061478e-05 3.5583591e-03 3.0349337e-03 1.1197830e-03
 4.2260177e-03 9.1435230e-01 1.7102318e-02 2.8866779e-03 4.8828538e-04
 3.1272817e-02 1.4180648e-03 8.5019958e-05 4.0120579e-02 7.2317879e-04
 1.7705356e-03 5.6953244e-02 1.1566762e-03 7.0814294e-01 2.4602728e-04
 7.3557395e-01 5.7779026e-01 1.7236465e-03 1.5117336e-03 4.8242673e-02
 3.4432087e-02 2.6082811e-03 7.0561934e-04 1.2726457e-01 5.4565448e-01
 9.5805621e-01 2.3714665e-03]","[0.5526519  0.10008904 0.7867864  0.13429622 0.17442204 0.13513254
 0.07908195 0.4382288  0.19508398 0.06627017 0.26880848 0.04215331
 0.03001944 0.1506796  0.05078486 0.01418675 0.67888236 0.18596523
 0.16601093 0.03773519 0.62669665 0.01673473 0.07824299 0.31972086
 0.11644188 0.12199979 0.29308954 0.11864162 0.41314912 0.08323994
 0.30107626 0.56308573 0.02146001 0.01144236 0.12769707 0.10309458
 0.23253456 0.19329289 0.22211972 0.43100822 0.54546636 0.16710395]","[1.7326947e-03 2.0247126e-06 1.1786681e-01 1.8444158e-05 5.0722539e-02
 1.6039498e-02 3.1928193e-06 6.8479151e-01 4.4595794e-04 1.9291388e-06
 4.2503639e-06 6.7140674e-04 1.0010058e-07 4.6138166e-07 1.5411334e-06
 1.2934330e-06 9.9930680e-01 2.7222484e-03 2.3657300e-04 6.0381649e-07
 1.5756244e-02 5.7000364e-08 5.6671574e-06 3.0746302e-03 7.7017461e-07
 3.7777913e-06 2.3307171e-02 1.0021737e-05 5.5248837e-04 6.8067648e-06
 9.9750673e-03 9.2265725e-01 2.1334463e-06 3.5768502e-07 5.4998275e-02
 9.9863750e-01 1.1484296e-02 8.1853820e-08 2.0142251e-03 1.7405715e-06
 9.9952698e-01 1.1363814e-05]","[3.9868928e-02 3.8636828e-04 3.7350822e-02 2.9340533e-03 2.9712474e-02
 5.8397908e-02 6.5241808e-01 2.3875670e-01 9.3359305e-03 1.3319592e-04
 8.1537766e-03 2.0723318e-04 1.0379426e-03 1.1206837e-03 9.4193891e-03
 1.1622084e-03 7.7671701e-01 9.4632395e-03 1.2450307e-03 5.1666428e-03
 9.2279285e-02 1.2924080e-03 1.8398813e-04 1.1955487e-02 4.4662479e-04
 2.1286968e-04 1.1800963e-02 2.2555247e-03 4.1538653e-01 1.2222993e-04
 5.1150304e-01 9.5220077e-01 9.3479492e-02 5.5567326e-04 2.0386828e-02
 1.6405635e-02 6.6366856e-04 9.9576020e-04 2.5122853e-02 2.1816386e-01
 9.4219404e-01 4.6112319e-04]"
13_image,30,"[1.1382727e-03 2.5168063e-07 4.6535298e-08 5.7382676e-09 1.4380325e-06
 1.8791488e-05 1.9076424e-06 3.5584462e-04 2.7530058e-07 2.5658972e-08
 1.7437443e-02 2.6071004e-05 4.3891255e-06 9.8739289e-02 1.7066704e-05
 5.8409394e-05 2.4559915e-05 3.2762262e-05 5.6960232e-09 2.3819473e-05
 1.4903810e-06 1.6679887e-04 9.9999821e-01 1.2431489e-07 2.2802023e-08
 2.3706659e-06 2.6148844e-06 9.9988568e-01 6.9491682e-05 7.1991337e-05
 1.8222981e-04 1.7334167e-02 6.5809181e-06 2.2965719e-06 1.6232160e-07
 1.0136707e-02 5.0555229e-08 4.4527028e-06 1.9685271e-04 3.1275435e-05
 1.0166841e-03 4.8951231e-02]","[2.85072416e-01 2.58474593e-05 2.69541324e-05 4.62222403e-07
 3.71317437e-05 8.34904902e-04 2.76320672e-04 8.64283834e-03
 1.74153503e-02 8.79978234e-06 6.59967780e-01 1.05041014e-04
 7.91015336e-05 8.73213470e-01 2.68616974e-01 8.58910661e-03
 2.71346211e-03 1.16627722e-04 3.01767614e-06 1.52792022e-01
 2.36979817e-04 4.00745906e-02 9.97651517e-01 2.34993786e-05
 1.56612368e-05 9.22194376e-05 5.81166297e-02 9.89095986e-01
 3.06347311e-02 3.40554088e-01 4.36286151e-04 4.80222628e-02
 1.92645248e-02 3.44488933e-03 7.94084008e-06 1.06161036e-01
 1.95254943e-05 3.78803466e-04 5.86915994e-03 1.27239677e-04
 6.38854341e-04 1.24612367e-02]","[0.31152874 0.02912827 0.00677241 0.28035122 0.0964218  0.05321031
 0.05849331 0.5143014  0.15785135 0.0458446  0.44132784 0.03792369
 0.04010279 0.21022332 0.12090638 0.15077426 0.27352586 0.16392294
 0.01207833 0.2893152  0.08984856 0.22856654 0.8217086  0.07794768
 0.00696346 0.05681359 0.18886416 0.62572896 0.22498995 0.28601328
 0.04575815 0.3258343  0.32448387 0.03492986 0.02162558 0.21221772
 0.02379521 0.02313339 0.43687093 0.02030768 0.14894293 0.04116105]","[6.1702230e-03 1.2509640e-03 1.6834921e-06 2.5952174e-04 4.9249087e-05
 6.0199082e-02 2.1124852e-03 2.7029769e-04 1.7203413e-02 7.2809029e-04
 5.5845021e-03 1.4362800e-02 6.1384462e-02 7.8359610e-01 1.1297165e-04
 2.2901749e-02 1.5500410e-03 7.0973634e-05 1.4188831e-06 7.0997789e-03
 2.2520197e-05 3.6919357e-03 9.9922121e-01 4.9201764e-05 8.3761591e-07
 2.9712019e-04 3.5807712e-05 9.9219936e-01 1.5718663e-03 1.2592026e-02
 9.2984148e-05 1.7829083e-03 7.9547000e-01 1.2555186e-01 9.1271955e-05
 1.0313361e-02 1.1047937e-06 3.7926402e-02 1.0089197e-03 4.2376392e-02
 5.6335707e-03 6.9137174e-01]","[2.59319961e-01 1.91770105e-05 1.05718995e-04 3.00031588e-05
 3.07590199e-05 7.23413134e-04 3.14174599e-06 1.48821667e-01
 1.23074092e-03 1.69704617e-05 9.24264073e-01 2.88271555e-03
 1.23854785e-04 5.17947197e-01 1.46854550e-01 3.25963181e-03
 3.25487903e-03 1.35173483e-04 2.26964062e-06 5.58075076e-03
 2.81469140e-04 7.61975348e-02 9.97901917e-01 1.59514148e-05
 1.22784593e-04 1.01856283e-04 1.15334027e-01 6.89892113e-01
 4.53923317e-03 3.11131418e-01 6.85520237e-03 7.47536063e-01
 2.36606435e-03 6.76555559e-03 5.68709220e-06 1.78391114e-02
 3.27474368e-06 2.48330471e-04 1.48894982e-02 3.63907195e-04
 5.05678542e-02 1.55164614e-01]"
